R_angstrom,n_configs,cumulative_weight
1.4,1,99.1803843343
1.4,35,99.9826445845
1.4,69,99.9956840804
1.4,103,99.9985029908
1.4,137,99.9993931986
1.4,171,99.9997232348
1.4,205,99.9998499913
1.4,239,99.9999093805
1.4,273,99.9999414376
1.4,307,99.9999612948
1.4,341,99.9999734627
1.4,375,99.9999815626
1.4,409,99.9999869441
1.4,443,99.9999905661
1.4,477,99.9999931625
1.4,511,99.9999950620
1.4,545,99.9999963959
1.4,579,99.9999973351
1.4,613,99.9999980001
1.4,647,99.9999984772
1.4,681,99.9999988277
1.4,715,99.9999990803
1.4,749,99.9999992730
1.4,783,99.9999994190
1.4,817,99.9999995356
1.4,851,99.9999996246
1.4,885,99.9999996954
1.4,919,99.9999997500
1.4,953,99.9999997941
1.4,987,99.9999998301
1.4,1021,99.9999998589
1.4,1055,99.9999998824
1.4,1089,99.9999999025
1.4,1123,99.9999999186
1.4,1157,99.9999999319
1.4,1191,99.9999999428
1.4,1225,99.9999999520
1.4,1259,99.9999999597
1.4,1293,99.9999999659
1.4,1327,99.9999999710
1.4,1361,99.9999999752
1.4,1395,99.9999999789
1.4,1429,99.9999999822
1.4,1463,99.9999999851
1.4,1497,99.9999999876
1.4,1531,99.9999999896
1.4,1565,99.9999999913
1.4,1599,99.9999999928
1.4,1633,99.9999999940
1.4,1667,99.9999999951
1.4,1701,99.9999999960
1.4,1735,99.9999999967
1.4,1769,99.9999999973
1.4,1803,99.9999999978
1.4,1837,99.9999999982
1.4,1871,99.9999999986
1.4,1905,99.9999999988
1.4,1939,99.9999999991
1.4,1973,99.9999999992
1.4,2007,99.9999999994
1.4,2041,99.9999999995
1.4,2075,99.9999999996
1.4,2109,99.9999999997
1.4,2143,99.9999999997
1.4,2177,99.9999999998
1.4,2211,99.9999999998
1.4,2245,99.9999999999
1.4,2279,99.9999999999
1.4,2313,99.9999999999
1.4,2347,99.9999999999
1.4,2381,99.9999999999
1.4,2415,100.0000000000
1.4,2449,100.0000000000
1.4,2483,100.0000000000
1.4,2517,100.0000000000
1.4,2551,100.0000000000
1.4,2585,100.0000000000
1.4,2619,100.0000000000
1.4,2653,100.0000000000
1.4,2687,100.0000000000
1.4,2721,100.0000000000
1.4,2755,100.0000000000
1.4,2789,100.0000000000
1.4,2823,100.0000000000
1.4,2857,100.0000000000
1.4,2891,100.0000000000
1.4,2925,100.0000000000
1.4,2959,100.0000000000
1.4,2993,100.0000000000
1.4,3027,100.0000000000
1.4,3061,100.0000000000
1.4,3095,100.0000000000
1.4,3129,100.0000000000
1.4,3163,100.0000000000
1.4,3197,100.0000000000
1.4,3231,100.0000000000
1.4,3265,100.0000000000
1.4,3299,100.0000000000
1.4,3333,100.0000000000
1.4,3367,100.0000000000
1.4,3401,100.0000000000
1.4,3432,100.0000000000
1.45,1,99.1881917927
1.45,35,99.9828017867
1.45,69,99.9957973739
1.45,103,99.9985284329
1.45,137,99.9994001110
1.45,171,99.9997209929
1.45,205,99.9998489813
1.45,239,99.9999102501
1.45,273,99.9999429100
1.45,307,99.9999625277
1.45,341,99.9999745168
1.45,375,99.9999823174
1.45,409,99.9999873833
1.45,443,99.9999907964
1.45,477,99.9999934149
1.45,511,99.9999952996
1.45,545,99.9999965636
1.45,579,99.9999974401
1.45,613,99.9999980718
1.45,647,99.9999985235
1.45,681,99.9999988563
1.45,715,99.9999991029
1.45,749,99.9999992943
1.45,783,99.9999994387
1.45,817,99.9999995520
1.45,851,99.9999996379
1.45,885,99.9999997062
1.45,919,99.9999997599
1.45,953,99.9999998024
1.45,987,99.9999998369
1.45,1021,99.9999998655
1.45,1055,99.9999998887
1.45,1089,99.9999999082
1.45,1123,99.9999999239
1.45,1157,99.9999999365
1.45,1191,99.9999999470
1.45,1225,99.9999999555
1.45,1259,99.9999999626
1.45,1293,99.9999999682
1.45,1327,99.9999999730
1.45,1361,99.9999999770
1.45,1395,99.9999999803
1.45,1429,99.9999999833
1.45,1463,99.9999999860
1.45,1497,99.9999999883
1.45,1531,99.9999999903
1.45,1565,99.9999999919
1.45,1599,99.9999999933
1.45,1633,99.9999999944
1.45,1667,99.9999999954
1.45,1701,99.9999999963
1.45,1735,99.9999999970
1.45,1769,99.9999999975
1.45,1803,99.9999999980
1.45,1837,99.9999999984
1.45,1871,99.9999999987
1.45,1905,99.9999999989
1.45,1939,99.9999999991
1.45,1973,99.9999999993
1.45,2007,99.9999999994
1.45,2041,99.9999999995
1.45,2075,99.9999999996
1.45,2109,99.9999999997
1.45,2143,99.9999999998
1.45,2177,99.9999999998
1.45,2211,99.9999999998
1.45,2245,99.9999999999
1.45,2279,99.9999999999
1.45,2313,99.9999999999
1.45,2347,99.9999999999
1.45,2381,99.9999999999
1.45,2415,100.0000000000
1.45,2449,100.0000000000
1.45,2483,100.0000000000
1.45,2517,100.0000000000
1.45,2551,100.0000000000
1.45,2585,100.0000000000
1.45,2619,100.0000000000
1.45,2653,100.0000000000
1.45,2687,100.0000000000
1.45,2721,100.0000000000
1.45,2755,100.0000000000
1.45,2789,100.0000000000
1.45,2823,100.0000000000
1.45,2857,100.0000000000
1.45,2891,100.0000000000
1.45,2925,100.0000000000
1.45,2959,100.0000000000
1.45,2993,100.0000000000
1.45,3027,100.0000000000
1.45,3061,100.0000000000
1.45,3095,100.0000000000
1.45,3129,100.0000000000
1.45,3163,100.0000000000
1.45,3197,100.0000000000
1.45,3231,100.0000000000
1.45,3265,100.0000000000
1.45,3299,100.0000000000
1.45,3333,100.0000000000
1.45,3367,100.0000000000
1.45,3401,100.0000000000
1.45,3432,100.0000000000
1.5,1,99.1952429656
1.5,35,99.9829601521
1.5,69,99.9958494340
1.5,103,99.9985321647
1.5,137,99.9993968890
1.5,171,99.9997157928
1.5,205,99.9998501499
1.5,239,99.9999109436
1.5,273,99.9999432233
1.5,307,99.9999627582
1.5,341,99.9999744757
1.5,375,99.9999821389
1.5,409,99.9999872192
1.5,443,99.9999907008
1.5,477,99.9999933911
1.5,511,99.9999952861
1.5,545,99.9999965985
1.5,579,99.9999975049
1.5,613,99.9999981454
1.5,647,99.9999986044
1.5,681,99.9999989216
1.5,715,99.9999991632
1.5,749,99.9999993490
1.5,783,99.9999994883
1.5,817,99.9999995941
1.5,851,99.9999996743
1.5,885,99.9999997365
1.5,919,99.9999997844
1.5,953,99.9999998226
1.5,987,99.9999998545
1.5,1021,99.9999998807
1.5,1055,99.9999999016
1.5,1089,99.9999999184
1.5,1123,99.9999999325
1.5,1157,99.9999999437
1.5,1191,99.9999999529
1.5,1225,99.9999999606
1.5,1259,99.9999999670
1.5,1293,99.9999999723
1.5,1327,99.9999999766
1.5,1361,99.9999999802
1.5,1395,99.9999999833
1.5,1429,99.9999999859
1.5,1463,99.9999999882
1.5,1497,99.9999999902
1.5,1531,99.9999999919
1.5,1565,99.9999999933
1.5,1599,99.9999999944
1.5,1633,99.9999999954
1.5,1667,99.9999999963
1.5,1701,99.9999999970
1.5,1735,99.9999999976
1.5,1769,99.9999999980
1.5,1803,99.9999999984
1.5,1837,99.9999999987
1.5,1871,99.9999999990
1.5,1905,99.9999999992
1.5,1939,99.9999999993
1.5,1973,99.9999999994
1.5,2007,99.9999999995
1.5,2041,99.9999999996
1.5,2075,99.9999999997
1.5,2109,99.9999999997
1.5,2143,99.9999999998
1.5,2177,99.9999999998
1.5,2211,99.9999999999
1.5,2245,99.9999999999
1.5,2279,99.9999999999
1.5,2313,99.9999999999
1.5,2347,99.9999999999
1.5,2381,100.0000000000
1.5,2415,100.0000000000
1.5,2449,100.0000000000
1.5,2483,100.0000000000
1.5,2517,100.0000000000
1.5,2551,100.0000000000
1.5,2585,100.0000000000
1.5,2619,100.0000000000
1.5,2653,100.0000000000
1.5,2687,100.0000000000
1.5,2721,100.0000000000
1.5,2755,100.0000000000
1.5,2789,100.0000000000
1.5,2823,100.0000000000
1.5,2857,100.0000000000
1.5,2891,100.0000000000
1.5,2925,100.0000000000
1.5,2959,100.0000000000
1.5,2993,100.0000000000
1.5,3027,100.0000000000
1.5,3061,100.0000000000
1.5,3095,100.0000000000
1.5,3129,100.0000000000
1.5,3163,100.0000000000
1.5,3197,100.0000000000
1.5,3231,100.0000000000
1.5,3265,100.0000000000
1.5,3299,100.0000000000
1.5,3333,100.0000000000
1.5,3367,100.0000000000
1.5,3401,100.0000000000
1.5,3432,100.0000000000
1.55,1,99.2017173236
1.55,35,99.9830112693
1.55,69,99.9959202332
1.55,103,99.9985404363
1.55,137,99.9993995114
1.55,171,99.9997145891
1.55,205,99.9998516229
1.55,239,99.9999113084
1.55,273,99.9999442437
1.55,307,99.9999632645
1.55,341,99.9999747347
1.55,375,99.9999824547
1.55,409,99.9999874284
1.55,443,99.9999909228
1.55,477,99.9999935346
1.55,511,99.9999953737
1.55,545,99.9999966624
1.55,579,99.9999975502
1.55,613,99.9999981829
1.55,647,99.9999986425
1.55,681,99.9999989729
1.55,715,99.9999992035
1.55,749,99.9999993793
1.55,783,99.9999995113
1.55,817,99.9999996128
1.55,851,99.9999996906
1.55,885,99.9999997485
1.55,919,99.9999997943
1.55,953,99.9999998307
1.55,987,99.9999998600
1.55,1021,99.9999998852
1.55,1055,99.9999999057
1.55,1089,99.9999999221
1.55,1123,99.9999999352
1.55,1157,99.9999999457
1.55,1191,99.9999999546
1.55,1225,99.9999999621
1.55,1259,99.9999999683
1.55,1293,99.9999999735
1.55,1327,99.9999999778
1.55,1361,99.9999999814
1.55,1395,99.9999999843
1.55,1429,99.9999999868
1.55,1463,99.9999999890
1.55,1497,99.9999999908
1.55,1531,99.9999999924
1.55,1565,99.9999999938
1.55,1599,99.9999999949
1.55,1633,99.9999999958
1.55,1667,99.9999999966
1.55,1701,99.9999999972
1.55,1735,99.9999999978
1.55,1769,99.9999999982
1.55,1803,99.9999999985
1.55,1837,99.9999999988
1.55,1871,99.9999999990
1.55,1905,99.9999999992
1.55,1939,99.9999999994
1.55,1973,99.9999999995
1.55,2007,99.9999999996
1.55,2041,99.9999999996
1.55,2075,99.9999999997
1.55,2109,99.9999999998
1.55,2143,99.9999999998
1.55,2177,99.9999999999
1.55,2211,99.9999999999
1.55,2245,99.9999999999
1.55,2279,99.9999999999
1.55,2313,99.9999999999
1.55,2347,100.0000000000
1.55,2381,100.0000000000
1.55,2415,100.0000000000
1.55,2449,100.0000000000
1.55,2483,100.0000000000
1.55,2517,100.0000000000
1.55,2551,100.0000000000
1.55,2585,100.0000000000
1.55,2619,100.0000000000
1.55,2653,100.0000000000
1.55,2687,100.0000000000
1.55,2721,100.0000000000
1.55,2755,100.0000000000
1.55,2789,100.0000000000
1.55,2823,100.0000000000
1.55,2857,100.0000000000
1.55,2891,100.0000000000
1.55,2925,100.0000000000
1.55,2959,100.0000000000
1.55,2993,100.0000000000
1.55,3027,100.0000000000
1.55,3061,100.0000000000
1.55,3095,100.0000000000
1.55,3129,100.0000000000
1.55,3163,100.0000000000
1.55,3197,100.0000000000
1.55,3231,100.0000000000
1.55,3265,100.0000000000
1.55,3299,100.0000000000
1.55,3333,100.0000000000
1.55,3367,100.0000000000
1.55,3401,100.0000000000
1.55,3432,100.0000000000
1.6,1,99.2076302707
1.6,35,99.9830443868
1.6,69,99.9959420659
1.6,103,99.9985539091
1.6,137,99.9994012207
1.6,171,99.9997203441
1.6,205,99.9998556271
1.6,239,99.9999141914
1.6,273,99.9999454224
1.6,307,99.9999637348
1.6,341,99.9999750825
1.6,375,99.9999827821
1.6,409,99.9999878241
1.6,443,99.9999912174
1.6,477,99.9999937432
1.6,511,99.9999954768
1.6,545,99.9999967230
1.6,579,99.9999975872
1.6,613,99.9999982323
1.6,647,99.9999986975
1.6,681,99.9999990231
1.6,715,99.9999992438
1.6,749,99.9999994089
1.6,783,99.9999995328
1.6,817,99.9999996282
1.6,851,99.9999997037
1.6,885,99.9999997602
1.6,919,99.9999998035
1.6,953,99.9999998377
1.6,987,99.9999998657
1.6,1021,99.9999998893
1.6,1055,99.9999999089
1.6,1089,99.9999999250
1.6,1123,99.9999999374
1.6,1157,99.9999999476
1.6,1191,99.9999999562
1.6,1225,99.9999999635
1.6,1259,99.9999999697
1.6,1293,99.9999999748
1.6,1327,99.9999999791
1.6,1361,99.9999999825
1.6,1395,99.9999999853
1.6,1429,99.9999999877
1.6,1463,99.9999999898
1.6,1497,99.9999999915
1.6,1531,99.9999999930
1.6,1565,99.9999999942
1.6,1599,99.9999999952
1.6,1633,99.9999999961
1.6,1667,99.9999999969
1.6,1701,99.9999999975
1.6,1735,99.9999999980
1.6,1769,99.9999999983
1.6,1803,99.9999999987
1.6,1837,99.9999999989
1.6,1871,99.9999999991
1.6,1905,99.9999999993
1.6,1939,99.9999999994
1.6,1973,99.9999999995
1.6,2007,99.9999999996
1.6,2041,99.9999999997
1.6,2075,99.9999999997
1.6,2109,99.9999999998
1.6,2143,99.9999999998
1.6,2177,99.9999999999
1.6,2211,99.9999999999
1.6,2245,99.9999999999
1.6,2279,99.9999999999
1.6,2313,99.9999999999
1.6,2347,100.0000000000
1.6,2381,100.0000000000
1.6,2415,100.0000000000
1.6,2449,100.0000000000
1.6,2483,100.0000000000
1.6,2517,100.0000000000
1.6,2551,100.0000000000
1.6,2585,100.0000000000
1.6,2619,100.0000000000
1.6,2653,100.0000000000
1.6,2687,100.0000000000
1.6,2721,100.0000000000
1.6,2755,100.0000000000
1.6,2789,100.0000000000
1.6,2823,100.0000000000
1.6,2857,100.0000000000
1.6,2891,100.0000000000
1.6,2925,100.0000000000
1.6,2959,100.0000000000
1.6,2993,100.0000000000
1.6,3027,100.0000000000
1.6,3061,100.0000000000
1.6,3095,100.0000000000
1.6,3129,100.0000000000
1.6,3163,100.0000000000
1.6,3197,100.0000000000
1.6,3231,100.0000000000
1.6,3265,100.0000000000
1.6,3299,100.0000000000
1.6,3333,100.0000000000
1.6,3367,100.0000000000
1.6,3401,100.0000000000
1.6,3432,100.0000000000
1.65,1,99.2129807275
1.65,35,99.9830750289
1.65,69,99.9959432884
1.65,103,99.9985667290
1.65,137,99.9993975014
1.65,171,99.9997266947
1.65,205,99.9998596155
1.65,239,99.9999168446
1.65,273,99.9999467924
1.65,307,99.9999645696
1.65,341,99.9999757558
1.65,375,99.9999831725
1.65,409,99.9999881367
1.65,443,99.9999915415
1.65,477,99.9999939718
1.65,511,99.9999956295
1.65,545,99.9999968020
1.65,579,99.9999976551
1.65,613,99.9999982978
1.65,647,99.9999987488
1.65,681,99.9999990658
1.65,715,99.9999992762
1.65,749,99.9999994373
1.65,783,99.9999995555
1.65,817,99.9999996464
1.65,851,99.9999997166
1.65,885,99.9999997702
1.65,919,99.9999998122
1.65,953,99.9999998452
1.65,987,99.9999998720
1.65,1021,99.9999998942
1.65,1055,99.9999999123
1.65,1089,99.9999999273
1.65,1123,99.9999999395
1.65,1157,99.9999999495
1.65,1191,99.9999999579
1.65,1225,99.9999999650
1.65,1259,99.9999999710
1.65,1293,99.9999999761
1.65,1327,99.9999999803
1.65,1361,99.9999999836
1.65,1395,99.9999999862
1.65,1429,99.9999999886
1.65,1463,99.9999999905
1.65,1497,99.9999999922
1.65,1531,99.9999999935
1.65,1565,99.9999999947
1.65,1599,99.9999999957
1.65,1633,99.9999999965
1.65,1667,99.9999999972
1.65,1701,99.9999999977
1.65,1735,99.9999999981
1.65,1769,99.9999999985
1.65,1803,99.9999999988
1.65,1837,99.9999999990
1.65,1871,99.9999999992
1.65,1905,99.9999999993
1.65,1939,99.9999999995
1.65,1973,99.9999999996
1.65,2007,99.9999999996
1.65,2041,99.9999999997
1.65,2075,99.9999999998
1.65,2109,99.9999999998
1.65,2143,99.9999999998
1.65,2177,99.9999999999
1.65,2211,99.9999999999
1.65,2245,99.9999999999
1.65,2279,99.9999999999
1.65,2313,99.9999999999
1.65,2347,100.0000000000
1.65,2381,100.0000000000
1.65,2415,100.0000000000
1.65,2449,100.0000000000
1.65,2483,100.0000000000
1.65,2517,100.0000000000
1.65,2551,100.0000000000
1.65,2585,100.0000000000
1.65,2619,100.0000000000
1.65,2653,100.0000000000
1.65,2687,100.0000000000
1.65,2721,100.0000000000
1.65,2755,100.0000000000
1.65,2789,100.0000000000
1.65,2823,100.0000000000
1.65,2857,100.0000000000
1.65,2891,100.0000000000
1.65,2925,100.0000000000
1.65,2959,100.0000000000
1.65,2993,100.0000000000
1.65,3027,100.0000000000
1.65,3061,100.0000000000
1.65,3095,100.0000000000
1.65,3129,100.0000000000
1.65,3163,100.0000000000
1.65,3197,100.0000000000
1.65,3231,100.0000000000
1.65,3265,100.0000000000
1.65,3299,100.0000000000
1.65,3333,100.0000000000
1.65,3367,100.0000000000
1.65,3401,100.0000000000
1.65,3432,100.0000000000
1.7,1,99.2177270183
1.7,35,99.9830858112
1.7,69,99.9959687831
1.7,103,99.9985927382
1.7,137,99.9993969110
1.7,171,99.9997293985
1.7,205,99.9998632528
1.7,239,99.9999194192
1.7,273,99.9999479595
1.7,307,99.9999652799
1.7,341,99.9999761475
1.7,375,99.9999834485
1.7,409,99.9999884141
1.7,443,99.9999918446
1.7,477,99.9999941709
1.7,511,99.9999957282
1.7,545,99.9999968856
1.7,579,99.9999977562
1.7,613,99.9999983795
1.7,647,99.9999988099
1.7,681,99.9999991026
1.7,715,99.9999993076
1.7,749,99.9999994626
1.7,783,99.9999995739
1.7,817,99.9999996606
1.7,851,99.9999997287
1.7,885,99.9999997814
1.7,919,99.9999998208
1.7,953,99.9999998521
1.7,987,99.9999998779
1.7,1021,99.9999998990
1.7,1055,99.9999999161
1.7,1089,99.9999999301
1.7,1123,99.9999999418
1.7,1157,99.9999999516
1.7,1191,99.9999999598
1.7,1225,99.9999999667
1.7,1259,99.9999999724
1.7,1293,99.9999999773
1.7,1327,99.9999999814
1.7,1361,99.9999999845
1.7,1395,99.9999999871
1.7,1429,99.9999999893
1.7,1463,99.9999999912
1.7,1497,99.9999999928
1.7,1531,99.9999999941
1.7,1565,99.9999999952
1.7,1599,99.9999999961
1.7,1633,99.9999999969
1.7,1667,99.9999999974
1.7,1701,99.9999999979
1.7,1735,99.9999999983
1.7,1769,99.9999999986
1.7,1803,99.9999999989
1.7,1837,99.9999999991
1.7,1871,99.9999999993
1.7,1905,99.9999999994
1.7,1939,99.9999999995
1.7,1973,99.9999999996
1.7,2007,99.9999999997
1.7,2041,99.9999999997
1.7,2075,99.9999999998
1.7,2109,99.9999999998
1.7,2143,99.9999999999
1.7,2177,99.9999999999
1.7,2211,99.9999999999
1.7,2245,99.9999999999
1.7,2279,99.9999999999
1.7,2313,100.0000000000
1.7,2347,100.0000000000
1.7,2381,100.0000000000
1.7,2415,100.0000000000
1.7,2449,100.0000000000
1.7,2483,100.0000000000
1.7,2517,100.0000000000
1.7,2551,100.0000000000
1.7,2585,100.0000000000
1.7,2619,100.0000000000
1.7,2653,100.0000000000
1.7,2687,100.0000000000
1.7,2721,100.0000000000
1.7,2755,100.0000000000
1.7,2789,100.0000000000
1.7,2823,100.0000000000
1.7,2857,100.0000000000
1.7,2891,100.0000000000
1.7,2925,100.0000000000
1.7,2959,100.0000000000
1.7,2993,100.0000000000
1.7,3027,100.0000000000
1.7,3061,100.0000000000
1.7,3095,100.0000000000
1.7,3129,100.0000000000
1.7,3163,100.0000000000
1.7,3197,100.0000000000
1.7,3231,100.0000000000
1.7,3265,100.0000000000
1.7,3299,100.0000000000
1.7,3333,100.0000000000
1.7,3367,100.0000000000
1.7,3401,100.0000000000
1.7,3432,100.0000000000
1.75,1,99.2217883815
1.75,35,99.9832085306
1.75,69,99.9959908760
1.75,103,99.9986300061
1.75,137,99.9994024656
1.75,171,99.9997336645
1.75,205,99.9998670583
1.75,239,99.9999220331
1.75,273,99.9999494665
1.75,307,99.9999663675
1.75,341,99.9999766432
1.75,375,99.9999837790
1.75,409,99.9999886650
1.75,443,99.9999921357
1.75,477,99.9999943157
1.75,511,99.9999957882
1.75,545,99.9999969353
1.75,579,99.9999978178
1.75,613,99.9999984165
1.75,647,99.9999988424
1.75,681,99.9999991278
1.75,715,99.9999993309
1.75,749,99.9999994803
1.75,783,99.9999995880
1.75,817,99.9999996715
1.75,851,99.9999997383
1.75,885,99.9999997896
1.75,919,99.9999998275
1.75,953,99.9999998574
1.75,987,99.9999998824
1.75,1021,99.9999999030
1.75,1055,99.9999999197
1.75,1089,99.9999999331
1.75,1123,99.9999999441
1.75,1157,99.9999999536
1.75,1191,99.9999999615
1.75,1225,99.9999999681
1.75,1259,99.9999999737
1.75,1293,99.9999999784
1.75,1327,99.9999999823
1.75,1361,99.9999999854
1.75,1395,99.9999999879
1.75,1429,99.9999999901
1.75,1463,99.9999999919
1.75,1497,99.9999999934
1.75,1531,99.9999999946
1.75,1565,99.9999999956
1.75,1599,99.9999999965
1.75,1633,99.9999999972
1.75,1667,99.9999999977
1.75,1701,99.9999999981
1.75,1735,99.9999999984
1.75,1769,99.9999999987
1.75,1803,99.9999999990
1.75,1837,99.9999999992
1.75,1871,99.9999999993
1.75,1905,99.9999999995
1.75,1939,99.9999999996
1.75,1973,99.9999999996
1.75,2007,99.9999999997
1.75,2041,99.9999999998
1.75,2075,99.9999999998
1.75,2109,99.9999999998
1.75,2143,99.9999999999
1.75,2177,99.9999999999
1.75,2211,99.9999999999
1.75,2245,99.9999999999
1.75,2279,99.9999999999
1.75,2313,100.0000000000
1.75,2347,100.0000000000
1.75,2381,100.0000000000
1.75,2415,100.0000000000
1.75,2449,100.0000000000
1.75,2483,100.0000000000
1.75,2517,100.0000000000
1.75,2551,100.0000000000
1.75,2585,100.0000000000
1.75,2619,100.0000000000
1.75,2653,100.0000000000
1.75,2687,100.0000000000
1.75,2721,100.0000000000
1.75,2755,100.0000000000
1.75,2789,100.0000000000
1.75,2823,100.0000000000
1.75,2857,100.0000000000
1.75,2891,100.0000000000
1.75,2925,100.0000000000
1.75,2959,100.0000000000
1.75,2993,100.0000000000
1.75,3027,100.0000000000
1.75,3061,100.0000000000
1.75,3095,100.0000000000
1.75,3129,100.0000000000
1.75,3163,100.0000000000
1.75,3197,100.0000000000
1.75,3231,100.0000000000
1.75,3265,100.0000000000
1.75,3299,100.0000000000
1.75,3333,100.0000000000
1.75,3367,100.0000000000
1.75,3401,100.0000000000
1.75,3432,100.0000000000
1.8,1,99.2250452946
1.8,35,99.9833888944
1.8,69,99.9960092446
1.8,103,99.9986525000
1.8,137,99.9994218082
1.8,171,99.9997364977
1.8,205,99.9998695192
1.8,239,99.9999242491
1.8,273,99.9999514268
1.8,307,99.9999676915
1.8,341,99.9999774610
1.8,375,99.9999842792
1.8,409,99.9999890180
1.8,443,99.9999923226
1.8,477,99.9999944249
1.8,511,99.9999958622
1.8,545,99.9999970020
1.8,579,99.9999978699
1.8,613,99.9999984564
1.8,647,99.9999988748
1.8,681,99.9999991518
1.8,715,99.9999993561
1.8,749,99.9999995018
1.8,783,99.9999996053
1.8,817,99.9999996858
1.8,851,99.9999997495
1.8,885,99.9999997980
1.8,919,99.9999998339
1.8,953,99.9999998631
1.8,987,99.9999998867
1.8,1021,99.9999999065
1.8,1055,99.9999999229
1.8,1089,99.9999999359
1.8,1123,99.9999999466
1.8,1157,99.9999999556
1.8,1191,99.9999999631
1.8,1225,99.9999999695
1.8,1259,99.9999999749
1.8,1293,99.9999999794
1.8,1327,99.9999999831
1.8,1361,99.9999999862
1.8,1395,99.9999999886
1.8,1429,99.9999999907
1.8,1463,99.9999999925
1.8,1497,99.9999999939
1.8,1531,99.9999999951
1.8,1565,99.9999999960
1.8,1599,99.9999999968
1.8,1633,99.9999999974
1.8,1667,99.9999999979
1.8,1701,99.9999999983
1.8,1735,99.9999999986
1.8,1769,99.9999999989
1.8,1803,99.9999999991
1.8,1837,99.9999999993
1.8,1871,99.9999999994
1.8,1905,99.9999999995
1.8,1939,99.9999999996
1.8,1973,99.9999999997
1.8,2007,99.9999999997
1.8,2041,99.9999999998
1.8,2075,99.9999999998
1.8,2109,99.9999999999
1.8,2143,99.9999999999
1.8,2177,99.9999999999
1.8,2211,99.9999999999
1.8,2245,99.9999999999
1.8,2279,100.0000000000
1.8,2313,100.0000000000
1.8,2347,100.0000000000
1.8,2381,100.0000000000
1.8,2415,100.0000000000
1.8,2449,100.0000000000
1.8,2483,100.0000000000
1.8,2517,100.0000000000
1.8,2551,100.0000000000
1.8,2585,100.0000000000
1.8,2619,100.0000000000
1.8,2653,100.0000000000
1.8,2687,100.0000000000
1.8,2721,100.0000000000
1.8,2755,100.0000000000
1.8,2789,100.0000000000
1.8,2823,100.0000000000
1.8,2857,100.0000000000
1.8,2891,100.0000000000
1.8,2925,100.0000000000
1.8,2959,100.0000000000
1.8,2993,100.0000000000
1.8,3027,100.0000000000
1.8,3061,100.0000000000
1.8,3095,100.0000000000
1.8,3129,100.0000000000
1.8,3163,100.0000000000
1.8,3197,100.0000000000
1.8,3231,100.0000000000
1.8,3265,100.0000000000
1.8,3299,100.0000000000
1.8,3333,100.0000000000
1.8,3367,100.0000000000
1.8,3401,100.0000000000
1.8,3432,100.0000000000
1.85,1,99.2272865533
1.85,35,99.9834320320
1.85,69,99.9960319004
1.85,103,99.9986730325
1.85,137,99.9994431584
1.85,171,99.9997416712
1.85,205,99.9998719132
1.85,239,99.9999250816
1.85,273,99.9999522491
1.85,307,99.9999679035
1.85,341,99.9999777745
1.85,375,99.9999846633
1.85,409,99.9999893190
1.85,443,99.9999924687
1.85,477,99.9999946059
1.85,511,99.9999960388
1.85,545,99.9999971184
1.85,579,99.9999979288
1.85,613,99.9999985094
1.85,647,99.9999989045
1.85,681,99.9999991806
1.85,715,99.9999993796
1.85,749,99.9999995216
1.85,783,99.9999996241
1.85,817,99.9999996999
1.85,851,99.9999997597
1.85,885,99.9999998046
1.85,919,99.9999998399
1.85,953,99.9999998678
1.85,987,99.9999998907
1.85,1021,99.9999999101
1.85,1055,99.9999999260
1.85,1089,99.9999999388
1.85,1123,99.9999999493
1.85,1157,99.9999999578
1.85,1191,99.9999999652
1.85,1225,99.9999999712
1.85,1259,99.9999999762
1.85,1293,99.9999999804
1.85,1327,99.9999999840
1.85,1361,99.9999999870
1.85,1395,99.9999999894
1.85,1429,99.9999999914
1.85,1463,99.9999999931
1.85,1497,99.9999999944
1.85,1531,99.9999999954
1.85,1565,99.9999999963
1.85,1599,99.9999999970
1.85,1633,99.9999999976
1.85,1667,99.9999999981
1.85,1701,99.9999999984
1.85,1735,99.9999999987
1.85,1769,99.9999999990
1.85,1803,99.9999999992
1.85,1837,99.9999999993
1.85,1871,99.9999999995
1.85,1905,99.9999999996
1.85,1939,99.9999999996
1.85,1973,99.9999999997
1.85,2007,99.9999999998
1.85,2041,99.9999999998
1.85,2075,99.9999999998
1.85,2109,99.9999999999
1.85,2143,99.9999999999
1.85,2177,99.9999999999
1.85,2211,99.9999999999
1.85,2245,99.9999999999
1.85,2279,100.0000000000
1.85,2313,100.0000000000
1.85,2347,100.0000000000
1.85,2381,100.0000000000
1.85,2415,100.0000000000
1.85,2449,100.0000000000
1.85,2483,100.0000000000
1.85,2517,100.0000000000
1.85,2551,100.0000000000
1.85,2585,100.0000000000
1.85,2619,100.0000000000
1.85,2653,100.0000000000
1.85,2687,100.0000000000
1.85,2721,100.0000000000
1.85,2755,100.0000000000
1.85,2789,100.0000000000
1.85,2823,100.0000000000
1.85,2857,100.0000000000
1.85,2891,100.0000000000
1.85,2925,100.0000000000
1.85,2959,100.0000000000
1.85,2993,100.0000000000
1.85,3027,100.0000000000
1.85,3061,100.0000000000
1.85,3095,100.0000000000
1.85,3129,100.0000000000
1.85,3163,100.0000000000
1.85,3197,100.0000000000
1.85,3231,100.0000000000
1.85,3265,100.0000000000
1.85,3299,100.0000000000
1.85,3333,100.0000000000
1.85,3367,100.0000000000
1.85,3401,100.0000000000
1.85,3432,100.0000000000
1.9,1,99.2284221566
1.9,35,99.9833224582
1.9,69,99.9960656465
1.9,103,99.9987218602
1.9,137,99.9994583090
1.9,171,99.9997504348
1.9,205,99.9998732584
1.9,239,99.9999247737
1.9,273,99.9999525884
1.9,307,99.9999681002
1.9,341,99.9999781874
1.9,375,99.9999850066
1.9,409,99.9999897140
1.9,443,99.9999926926
1.9,477,99.9999947866
1.9,511,99.9999962096
1.9,545,99.9999972409
1.9,579,99.9999980343
1.9,613,99.9999985768
1.9,647,99.9999989458
1.9,681,99.9999992101
1.9,715,99.9999994037
1.9,749,99.9999995410
1.9,783,99.9999996415
1.9,817,99.9999997143
1.9,851,99.9999997687
1.9,885,99.9999998118
1.9,919,99.9999998453
1.9,953,99.9999998725
1.9,987,99.9999998952
1.9,1021,99.9999999137
1.9,1055,99.9999999291
1.9,1089,99.9999999415
1.9,1123,99.9999999519
1.9,1157,99.9999999604
1.9,1191,99.9999999671
1.9,1225,99.9999999728
1.9,1259,99.9999999776
1.9,1293,99.9999999817
1.9,1327,99.9999999850
1.9,1361,99.9999999879
1.9,1395,99.9999999902
1.9,1429,99.9999999921
1.9,1463,99.9999999936
1.9,1497,99.9999999948
1.9,1531,99.9999999958
1.9,1565,99.9999999966
1.9,1599,99.9999999973
1.9,1633,99.9999999978
1.9,1667,99.9999999982
1.9,1701,99.9999999986
1.9,1735,99.9999999988
1.9,1769,99.9999999991
1.9,1803,99.9999999992
1.9,1837,99.9999999994
1.9,1871,99.9999999995
1.9,1905,99.9999999996
1.9,1939,99.9999999997
1.9,1973,99.9999999997
1.9,2007,99.9999999998
1.9,2041,99.9999999998
1.9,2075,99.9999999999
1.9,2109,99.9999999999
1.9,2143,99.9999999999
1.9,2177,99.9999999999
1.9,2211,99.9999999999
1.9,2245,100.0000000000
1.9,2279,100.0000000000
1.9,2313,100.0000000000
1.9,2347,100.0000000000
1.9,2381,100.0000000000
1.9,2415,100.0000000000
1.9,2449,100.0000000000
1.9,2483,100.0000000000
1.9,2517,100.0000000000
1.9,2551,100.0000000000
1.9,2585,100.0000000000
1.9,2619,100.0000000000
1.9,2653,100.0000000000
1.9,2687,100.0000000000
1.9,2721,100.0000000000
1.9,2755,100.0000000000
1.9,2789,100.0000000000
1.9,2823,100.0000000000
1.9,2857,100.0000000000
1.9,2891,100.0000000000
1.9,2925,100.0000000000
1.9,2959,100.0000000000
1.9,2993,100.0000000000
1.9,3027,100.0000000000
1.9,3061,100.0000000000
1.9,3095,100.0000000000
1.9,3129,100.0000000000
1.9,3163,100.0000000000
1.9,3197,100.0000000000
1.9,3231,100.0000000000
1.9,3265,100.0000000000
1.9,3299,100.0000000000
1.9,3333,100.0000000000
1.9,3367,100.0000000000
1.9,3401,100.0000000000
1.9,3432,100.0000000000
1.95,1,99.2281618823
1.95,35,99.9832451257
1.95,69,99.9960961212
1.95,103,99.9987692426
1.95,137,99.9994792368
1.95,171,99.9997591837
1.95,205,99.9998723566
1.95,239,99.9999256732
1.95,273,99.9999532965
1.95,307,99.9999685819
1.95,341,99.9999787087
1.95,375,99.9999856123
1.95,409,99.9999900705
1.95,443,99.9999929865
1.95,477,99.9999950093
1.95,511,99.9999963871
1.95,545,99.9999973818
1.95,579,99.9999981339
1.95,613,99.9999986548
1.95,647,99.9999990014
1.95,681,99.9999992479
1.95,715,99.9999994290
1.95,749,99.9999995609
1.95,783,99.9999996549
1.95,817,99.9999997251
1.95,851,99.9999997778
1.95,885,99.9999998192
1.95,919,99.9999998518
1.95,953,99.9999998783
1.95,987,99.9999999000
1.95,1021,99.9999999180
1.95,1055,99.9999999323
1.95,1089,99.9999999444
1.95,1123,99.9999999547
1.95,1157,99.9999999627
1.95,1191,99.9999999691
1.95,1225,99.9999999746
1.95,1259,99.9999999791
1.95,1293,99.9999999830
1.95,1327,99.9999999862
1.95,1361,99.9999999889
1.95,1395,99.9999999910
1.95,1429,99.9999999927
1.95,1463,99.9999999941
1.95,1497,99.9999999952
1.95,1531,99.9999999961
1.95,1565,99.9999999969
1.95,1599,99.9999999975
1.95,1633,99.9999999980
1.95,1667,99.9999999984
1.95,1701,99.9999999987
1.95,1735,99.9999999989
1.95,1769,99.9999999991
1.95,1803,99.9999999993
1.95,1837,99.9999999994
1.95,1871,99.9999999995
1.95,1905,99.9999999996
1.95,1939,99.9999999997
1.95,1973,99.9999999998
1.95,2007,99.9999999998
1.95,2041,99.9999999998
1.95,2075,99.9999999999
1.95,2109,99.9999999999
1.95,2143,99.9999999999
1.95,2177,99.9999999999
1.95,2211,99.9999999999
1.95,2245,100.0000000000
1.95,2279,100.0000000000
1.95,2313,100.0000000000
1.95,2347,100.0000000000
1.95,2381,100.0000000000
1.95,2415,100.0000000000
1.95,2449,100.0000000000
1.95,2483,100.0000000000
1.95,2517,100.0000000000
1.95,2551,100.0000000000
1.95,2585,100.0000000000
1.95,2619,100.0000000000
1.95,2653,100.0000000000
1.95,2687,100.0000000000
1.95,2721,100.0000000000
1.95,2755,100.0000000000
1.95,2789,100.0000000000
1.95,2823,100.0000000000
1.95,2857,100.0000000000
1.95,2891,100.0000000000
1.95,2925,100.0000000000
1.95,2959,100.0000000000
1.95,2993,100.0000000000
1.95,3027,100.0000000000
1.95,3061,100.0000000000
1.95,3095,100.0000000000
1.95,3129,100.0000000000
1.95,3163,100.0000000000
1.95,3197,100.0000000000
1.95,3231,100.0000000000
1.95,3265,100.0000000000
1.95,3299,100.0000000000
1.95,3333,100.0000000000
1.95,3367,100.0000000000
1.95,3401,100.0000000000
1.95,3432,100.0000000000
2.0,1,99.2262855565
2.0,35,99.9832753100
2.0,69,99.9961088824
2.0,103,99.9988091978
2.0,137,99.9995072479
2.0,171,99.9997677363
2.0,205,99.9998763621
2.0,239,99.9999268432
2.0,273,99.9999542501
2.0,307,99.9999693855
2.0,341,99.9999793315
2.0,375,99.9999861184
2.0,409,99.9999904608
2.0,443,99.9999933312
2.0,477,99.9999953122
2.0,511,99.9999965838
2.0,545,99.9999975351
2.0,579,99.9999982309
2.0,613,99.9999987371
2.0,647,99.9999990543
2.0,681,99.9999992871
2.0,715,99.9999994562
2.0,749,99.9999995773
2.0,783,99.9999996665
2.0,817,99.9999997341
2.0,851,99.9999997855
2.0,885,99.9999998261
2.0,919,99.9999998581
2.0,953,99.9999998836
2.0,987,99.9999999048
2.0,1021,99.9999999218
2.0,1055,99.9999999355
2.0,1089,99.9999999473
2.0,1123,99.9999999570
2.0,1157,99.9999999648
2.0,1191,99.9999999711
2.0,1225,99.9999999763
2.0,1259,99.9999999806
2.0,1293,99.9999999843
2.0,1327,99.9999999873
2.0,1361,99.9999999898
2.0,1395,99.9999999918
2.0,1429,99.9999999934
2.0,1463,99.9999999946
2.0,1497,99.9999999956
2.0,1531,99.9999999964
2.0,1565,99.9999999971
2.0,1599,99.9999999977
2.0,1633,99.9999999982
2.0,1667,99.9999999985
2.0,1701,99.9999999988
2.0,1735,99.9999999990
2.0,1769,99.9999999992
2.0,1803,99.9999999994
2.0,1837,99.9999999995
2.0,1871,99.9999999996
2.0,1905,99.9999999997
2.0,1939,99.9999999997
2.0,1973,99.9999999998
2.0,2007,99.9999999998
2.0,2041,99.9999999999
2.0,2075,99.9999999999
2.0,2109,99.9999999999
2.0,2143,99.9999999999
2.0,2177,99.9999999999
2.0,2211,100.0000000000
2.0,2245,100.0000000000
2.0,2279,100.0000000000
2.0,2313,100.0000000000
2.0,2347,100.0000000000
2.0,2381,100.0000000000
2.0,2415,100.0000000000
2.0,2449,100.0000000000
2.0,2483,100.0000000000
2.0,2517,100.0000000000
2.0,2551,100.0000000000
2.0,2585,100.0000000000
2.0,2619,100.0000000000
2.0,2653,100.0000000000
2.0,2687,100.0000000000
2.0,2721,100.0000000000
2.0,2755,100.0000000000
2.0,2789,100.0000000000
2.0,2823,100.0000000000
2.0,2857,100.0000000000
2.0,2891,100.0000000000
2.0,2925,100.0000000000
2.0,2959,100.0000000000
2.0,2993,100.0000000000
2.0,3027,100.0000000000
2.0,3061,100.0000000000
2.0,3095,100.0000000000
2.0,3129,100.0000000000
2.0,3163,100.0000000000
2.0,3197,100.0000000000
2.0,3231,100.0000000000
2.0,3265,100.0000000000
2.0,3299,100.0000000000
2.0,3333,100.0000000000
2.0,3367,100.0000000000
2.0,3401,100.0000000000
2.0,3432,100.0000000000
2.1,1,99.2165014609
2.1,35,99.9831194299
2.1,69,99.9961514817
2.1,103,99.9988696748
2.1,137,99.9995390679
2.1,171,99.9997790571
2.1,205,99.9998849818
2.1,239,99.9999332153
2.1,273,99.9999578075
2.1,307,99.9999715168
2.1,341,99.9999810723
2.1,375,99.9999871736
2.1,409,99.9999911377
2.1,443,99.9999939233
2.1,477,99.9999958475
2.1,511,99.9999970442
2.1,545,99.9999978666
2.1,579,99.9999984486
2.1,613,99.9999988807
2.1,647,99.9999991638
2.1,681,99.9999993656
2.1,715,99.9999995111
2.1,749,99.9999996173
2.1,783,99.9999996950
2.1,817,99.9999997544
2.1,851,99.9999998032
2.1,885,99.9999998425
2.1,919,99.9999998723
2.1,953,99.9999998964
2.1,987,99.9999999155
2.1,1021,99.9999999304
2.1,1055,99.9999999429
2.1,1089,99.9999999532
2.1,1123,99.9999999617
2.1,1157,99.9999999688
2.1,1191,99.9999999747
2.1,1225,99.9999999795
2.1,1259,99.9999999835
2.1,1293,99.9999999868
2.1,1327,99.9999999894
2.1,1361,99.9999999916
2.1,1395,99.9999999932
2.1,1429,99.9999999945
2.1,1463,99.9999999955
2.1,1497,99.9999999963
2.1,1531,99.9999999970
2.1,1565,99.9999999976
2.1,1599,99.9999999981
2.1,1633,99.9999999985
2.1,1667,99.9999999988
2.1,1701,99.9999999990
2.1,1735,99.9999999992
2.1,1769,99.9999999994
2.1,1803,99.9999999995
2.1,1837,99.9999999996
2.1,1871,99.9999999997
2.1,1905,99.9999999997
2.1,1939,99.9999999998
2.1,1973,99.9999999998
2.1,2007,99.9999999999
2.1,2041,99.9999999999
2.1,2075,99.9999999999
2.1,2109,99.9999999999
2.1,2143,99.9999999999
2.1,2177,100.0000000000
2.1,2211,100.0000000000
2.1,2245,100.0000000000
2.1,2279,100.0000000000
2.1,2313,100.0000000000
2.1,2347,100.0000000000
2.1,2381,100.0000000000
2.1,2415,100.0000000000
2.1,2449,100.0000000000
2.1,2483,100.0000000000
2.1,2517,100.0000000000
2.1,2551,100.0000000000
2.1,2585,100.0000000000
2.1,2619,100.0000000000
2.1,2653,100.0000000000
2.1,2687,100.0000000000
2.1,2721,100.0000000000
2.1,2755,100.0000000000
2.1,2789,100.0000000000
2.1,2823,100.0000000000
2.1,2857,100.0000000000
2.1,2891,100.0000000000
2.1,2925,100.0000000000
2.1,2959,100.0000000000
2.1,2993,100.0000000000
2.1,3027,100.0000000000
2.1,3061,100.0000000000
2.1,3095,100.0000000000
2.1,3129,100.0000000000
2.1,3163,100.0000000000
2.1,3197,100.0000000000
2.1,3231,100.0000000000
2.1,3265,100.0000000000
2.1,3299,100.0000000000
2.1,3333,100.0000000000
2.1,3367,100.0000000000
2.1,3401,100.0000000000
2.1,3432,100.0000000000
2.2,1,99.1965017202
2.2,35,99.9838395204
2.2,69,99.9961738250
2.2,103,99.9988588535
2.2,137,99.9995511529
2.2,171,99.9997853960
2.2,205,99.9998891904
2.2,239,99.9999347195
2.2,273,99.9999590695
2.2,307,99.9999731833
2.2,341,99.9999821133
2.2,375,99.9999877834
2.2,409,99.9999915429
2.2,443,99.9999941264
2.2,477,99.9999959436
2.2,511,99.9999971862
2.2,545,99.9999980238
2.2,579,99.9999985834
2.2,613,99.9999989619
2.2,647,99.9999992375
2.2,681,99.9999994269
2.2,715,99.9999995605
2.2,749,99.9999996524
2.2,783,99.9999997210
2.2,817,99.9999997752
2.2,851,99.9999998207
2.2,885,99.9999998578
2.2,919,99.9999998858
2.2,953,99.9999999078
2.2,987,99.9999999255
2.2,1021,99.9999999397
2.2,1055,99.9999999509
2.2,1089,99.9999999599
2.2,1123,99.9999999671
2.2,1157,99.9999999731
2.2,1191,99.9999999782
2.2,1225,99.9999999825
2.2,1259,99.9999999861
2.2,1293,99.9999999890
2.2,1327,99.9999999913
2.2,1361,99.9999999931
2.2,1395,99.9999999944
2.2,1429,99.9999999955
2.2,1463,99.9999999963
2.2,1497,99.9999999970
2.2,1531,99.9999999976
2.2,1565,99.9999999981
2.2,1599,99.9999999984
2.2,1633,99.9999999987
2.2,1667,99.9999999990
2.2,1701,99.9999999992
2.2,1735,99.9999999994
2.2,1769,99.9999999995
2.2,1803,99.9999999996
2.2,1837,99.9999999997
2.2,1871,99.9999999997
2.2,1905,99.9999999998
2.2,1939,99.9999999998
2.2,1973,99.9999999999
2.2,2007,99.9999999999
2.2,2041,99.9999999999
2.2,2075,99.9999999999
2.2,2109,99.9999999999
2.2,2143,100.0000000000
2.2,2177,100.0000000000
2.2,2211,100.0000000000
2.2,2245,100.0000000000
2.2,2279,100.0000000000
2.2,2313,100.0000000000
2.2,2347,100.0000000000
2.2,2381,100.0000000000
2.2,2415,100.0000000000
2.2,2449,100.0000000000
2.2,2483,100.0000000000
2.2,2517,100.0000000000
2.2,2551,100.0000000000
2.2,2585,100.0000000000
2.2,2619,100.0000000000
2.2,2653,100.0000000000
2.2,2687,100.0000000000
2.2,2721,100.0000000000
2.2,2755,100.0000000000
2.2,2789,100.0000000000
2.2,2823,100.0000000000
2.2,2857,100.0000000000
2.2,2891,100.0000000000
2.2,2925,100.0000000000
2.2,2959,100.0000000000
2.2,2993,100.0000000000
2.2,3027,100.0000000000
2.2,3061,100.0000000000
2.2,3095,100.0000000000
2.2,3129,100.0000000000
2.2,3163,100.0000000000
2.2,3197,100.0000000000
2.2,3231,100.0000000000
2.2,3265,100.0000000000
2.2,3299,100.0000000000
2.2,3333,100.0000000000
2.2,3367,100.0000000000
2.2,3401,100.0000000000
2.2,3432,100.0000000000
2.3,1,99.1634066950
2.3,35,99.9828901796
2.3,69,99.9962186840
2.3,103,99.9988575280
2.3,137,99.9995529200
2.3,171,99.9997887616
2.3,205,99.9998910303
2.3,239,99.9999384025
2.3,273,99.9999617756
2.3,307,99.9999752011
2.3,341,99.9999834691
2.3,375,99.9999887301
2.3,409,99.9999922103
2.3,443,99.9999946082
2.3,477,99.9999962386
2.3,511,99.9999974120
2.3,545,99.9999981991
2.3,579,99.9999987102
2.3,613,99.9999990523
2.3,647,99.9999993021
2.3,681,99.9999994766
2.3,715,99.9999996026
2.3,749,99.9999996862
2.3,783,99.9999997491
2.3,817,99.9999997990
2.3,851,99.9999998398
2.3,885,99.9999998728
2.3,919,99.9999998990
2.3,953,99.9999999197
2.3,987,99.9999999355
2.3,1021,99.9999999484
2.3,1055,99.9999999588
2.3,1089,99.9999999669
2.3,1123,99.9999999731
2.3,1157,99.9999999781
2.3,1191,99.9999999822
2.3,1225,99.9999999857
2.3,1259,99.9999999885
2.3,1293,99.9999999909
2.3,1327,99.9999999927
2.3,1361,99.9999999942
2.3,1395,99.9999999954
2.3,1429,99.9999999963
2.3,1463,99.9999999970
2.3,1497,99.9999999976
2.3,1531,99.9999999981
2.3,1565,99.9999999984
2.3,1599,99.9999999988
2.3,1633,99.9999999990
2.3,1667,99.9999999992
2.3,1701,99.9999999994
2.3,1735,99.9999999995
2.3,1769,99.9999999996
2.3,1803,99.9999999997
2.3,1837,99.9999999998
2.3,1871,99.9999999998
2.3,1905,99.9999999998
2.3,1939,99.9999999999
2.3,1973,99.9999999999
2.3,2007,99.9999999999
2.3,2041,99.9999999999
2.3,2075,99.9999999999
2.3,2109,100.0000000000
2.3,2143,100.0000000000
2.3,2177,100.0000000000
2.3,2211,100.0000000000
2.3,2245,100.0000000000
2.3,2279,100.0000000000
2.3,2313,100.0000000000
2.3,2347,100.0000000000
2.3,2381,100.0000000000
2.3,2415,100.0000000000
2.3,2449,100.0000000000
2.3,2483,100.0000000000
2.3,2517,100.0000000000
2.3,2551,100.0000000000
2.3,2585,100.0000000000
2.3,2619,100.0000000000
2.3,2653,100.0000000000
2.3,2687,100.0000000000
2.3,2721,100.0000000000
2.3,2755,100.0000000000
2.3,2789,100.0000000000
2.3,2823,100.0000000000
2.3,2857,100.0000000000
2.3,2891,100.0000000000
2.3,2925,100.0000000000
2.3,2959,100.0000000000
2.3,2993,100.0000000000
2.3,3027,100.0000000000
2.3,3061,100.0000000000
2.3,3095,100.0000000000
2.3,3129,100.0000000000
2.3,3163,100.0000000000
2.3,3197,100.0000000000
2.3,3231,100.0000000000
2.3,3265,100.0000000000
2.3,3299,100.0000000000
2.3,3333,100.0000000000
2.3,3367,100.0000000000
2.3,3401,100.0000000000
2.3,3432,100.0000000000
2.4,1,99.1141681665
2.4,35,99.9826710288
2.4,69,99.9963452162
2.4,103,99.9988607678
2.4,137,99.9995656095
2.4,171,99.9997943689
2.4,205,99.9998917184
2.4,239,99.9999419343
2.4,273,99.9999641147
2.4,307,99.9999766930
2.4,341,99.9999847949
2.4,375,99.9999897378
2.4,409,99.9999931009
2.4,443,99.9999952735
2.4,477,99.9999967167
2.4,511,99.9999977081
2.4,545,99.9999984126
2.4,579,99.9999988777
2.4,613,99.9999991858
2.4,647,99.9999994047
2.4,681,99.9999995529
2.4,715,99.9999996580
2.4,749,99.9999997309
2.4,783,99.9999997855
2.4,817,99.9999998292
2.4,851,99.9999998633
2.4,885,99.9999998904
2.4,919,99.9999999123
2.4,953,99.9999999304
2.4,987,99.9999999449
2.4,1021,99.9999999564
2.4,1055,99.9999999654
2.4,1089,99.9999999726
2.4,1123,99.9999999781
2.4,1157,99.9999999824
2.4,1191,99.9999999859
2.4,1225,99.9999999886
2.4,1259,99.9999999909
2.4,1293,99.9999999927
2.4,1327,99.9999999942
2.4,1361,99.9999999953
2.4,1395,99.9999999962
2.4,1429,99.9999999970
2.4,1463,99.9999999976
2.4,1497,99.9999999981
2.4,1531,99.9999999985
2.4,1565,99.9999999988
2.4,1599,99.9999999990
2.4,1633,99.9999999992
2.4,1667,99.9999999994
2.4,1701,99.9999999995
2.4,1735,99.9999999996
2.4,1769,99.9999999997
2.4,1803,99.9999999998
2.4,1837,99.9999999998
2.4,1871,99.9999999999
2.4,1905,99.9999999999
2.4,1939,99.9999999999
2.4,1973,99.9999999999
2.4,2007,99.9999999999
2.4,2041,100.0000000000
2.4,2075,100.0000000000
2.4,2109,100.0000000000
2.4,2143,100.0000000000
2.4,2177,100.0000000000
2.4,2211,100.0000000000
2.4,2245,100.0000000000
2.4,2279,100.0000000000
2.4,2313,100.0000000000
2.4,2347,100.0000000000
2.4,2381,100.0000000000
2.4,2415,100.0000000000
2.4,2449,100.0000000000
2.4,2483,100.0000000000
2.4,2517,100.0000000000
2.4,2551,100.0000000000
2.4,2585,100.0000000000
2.4,2619,100.0000000000
2.4,2653,100.0000000000
2.4,2687,100.0000000000
2.4,2721,100.0000000000
2.4,2755,100.0000000000
2.4,2789,100.0000000000
2.4,2823,100.0000000000
2.4,2857,100.0000000000
2.4,2891,100.0000000000
2.4,2925,100.0000000000
2.4,2959,100.0000000000
2.4,2993,100.0000000000
2.4,3027,100.0000000000
2.4,3061,100.0000000000
2.4,3095,100.0000000000
2.4,3129,100.0000000000
2.4,3163,100.0000000000
2.4,3197,100.0000000000
2.4,3231,100.0000000000
2.4,3265,100.0000000000
2.4,3299,100.0000000000
2.4,3333,100.0000000000
2.4,3367,100.0000000000
2.4,3401,100.0000000000
2.4,3432,100.0000000000
2.5,1,99.0458686650
2.5,35,99.9821681846
2.5,69,99.9964929611
2.5,103,99.9989388136
2.5,137,99.9995829860
2.5,171,99.9998019900
2.5,205,99.9999012552
2.5,239,99.9999459010
2.5,273,99.9999669071
2.5,307,99.9999783476
2.5,341,99.9999856603
2.5,375,99.9999903687
2.5,409,99.9999935762
2.5,443,99.9999957459
2.5,477,99.9999970962
2.5,511,99.9999979856
2.5,545,99.9999986281
2.5,579,99.9999990355
2.5,613,99.9999993107
2.5,647,99.9999994928
2.5,681,99.9999996198
2.5,715,99.9999997079
2.5,749,99.9999997707
2.5,783,99.9999998184
2.5,817,99.9999998545
2.5,851,99.9999998832
2.5,885,99.9999999072
2.5,919,99.9999999262
2.5,953,99.9999999414
2.5,987,99.9999999539
2.5,1021,99.9999999635
2.5,1055,99.9999999713
2.5,1089,99.9999999777
2.5,1123,99.9999999824
2.5,1157,99.9999999860
2.5,1191,99.9999999887
2.5,1225,99.9999999909
2.5,1259,99.9999999927
2.5,1293,99.9999999941
2.5,1327,99.9999999952
2.5,1361,99.9999999961
2.5,1395,99.9999999969
2.5,1429,99.9999999975
2.5,1463,99.9999999980
2.5,1497,99.9999999984
2.5,1531,99.9999999987
2.5,1565,99.9999999990
2.5,1599,99.9999999992
2.5,1633,99.9999999994
2.5,1667,99.9999999995
2.5,1701,99.9999999996
2.5,1735,99.9999999997
2.5,1769,99.9999999998
2.5,1803,99.9999999998
2.5,1837,99.9999999999
2.5,1871,99.9999999999
2.5,1905,99.9999999999
2.5,1939,99.9999999999
2.5,1973,99.9999999999
2.5,2007,100.0000000000
2.5,2041,100.0000000000
2.5,2075,100.0000000000
2.5,2109,100.0000000000
2.5,2143,100.0000000000
2.5,2177,100.0000000000
2.5,2211,100.0000000000
2.5,2245,100.0000000000
2.5,2279,100.0000000000
2.5,2313,100.0000000000
2.5,2347,100.0000000000
2.5,2381,100.0000000000
2.5,2415,100.0000000000
2.5,2449,100.0000000000
2.5,2483,100.0000000000
2.5,2517,100.0000000000
2.5,2551,100.0000000000
2.5,2585,100.0000000000
2.5,2619,100.0000000000
2.5,2653,100.0000000000
2.5,2687,100.0000000000
2.5,2721,100.0000000000
2.5,2755,100.0000000000
2.5,2789,100.0000000000
2.5,2823,100.0000000000
2.5,2857,100.0000000000
2.5,2891,100.0000000000
2.5,2925,100.0000000000
2.5,2959,100.0000000000
2.5,2993,100.0000000000
2.5,3027,100.0000000000
2.5,3061,100.0000000000
2.5,3095,100.0000000000
2.5,3129,100.0000000000
2.5,3163,100.0000000000
2.5,3197,100.0000000000
2.5,3231,100.0000000000
2.5,3265,100.0000000000
2.5,3299,100.0000000000
2.5,3333,100.0000000000
2.5,3367,100.0000000000
2.5,3401,100.0000000000
2.5,3432,100.0000000000
2.6,1,98.9563580785
2.6,35,99.9820762765
2.6,69,99.9966812437
2.6,103,99.9990414169
2.6,137,99.9995949351
2.6,171,99.9998109090
2.6,205,99.9999091645
2.6,239,99.9999503362
2.6,273,99.9999689901
2.6,307,99.9999793352
2.6,341,99.9999862203
2.6,375,99.9999911359
2.6,409,99.9999942132
2.6,443,99.9999961919
2.6,477,99.9999974046
2.6,511,99.9999982257
2.6,545,99.9999987891
2.6,579,99.9999991586
2.6,613,99.9999993929
2.6,647,99.9999995523
2.6,681,99.9999996626
2.6,715,99.9999997415
2.6,749,99.9999997995
2.6,783,99.9999998427
2.6,817,99.9999998760
2.6,851,99.9999999020
2.6,885,99.9999999221
2.6,919,99.9999999385
2.6,953,99.9999999516
2.6,987,99.9999999618
2.6,1021,99.9999999698
2.6,1055,99.9999999761
2.6,1089,99.9999999811
2.6,1123,99.9999999851
2.6,1157,99.9999999880
2.6,1191,99.9999999904
2.6,1225,99.9999999922
2.6,1259,99.9999999937
2.6,1293,99.9999999948
2.6,1327,99.9999999958
2.6,1361,99.9999999966
2.6,1395,99.9999999973
2.6,1429,99.9999999979
2.6,1463,99.9999999983
2.6,1497,99.9999999986
2.6,1531,99.9999999989
2.6,1565,99.9999999991
2.6,1599,99.9999999993
2.6,1633,99.9999999995
2.6,1667,99.9999999996
2.6,1701,99.9999999997
2.6,1735,99.9999999997
2.6,1769,99.9999999998
2.6,1803,99.9999999998
2.6,1837,99.9999999999
2.6,1871,99.9999999999
2.6,1905,99.9999999999
2.6,1939,99.9999999999
2.6,1973,100.0000000000
2.6,2007,100.0000000000
2.6,2041,100.0000000000
2.6,2075,100.0000000000
2.6,2109,100.0000000000
2.6,2143,100.0000000000
2.6,2177,100.0000000000
2.6,2211,100.0000000000
2.6,2245,100.0000000000
2.6,2279,100.0000000000
2.6,2313,100.0000000000
2.6,2347,100.0000000000
2.6,2381,100.0000000000
2.6,2415,100.0000000000
2.6,2449,100.0000000000
2.6,2483,100.0000000000
2.6,2517,100.0000000000
2.6,2551,100.0000000000
2.6,2585,100.0000000000
2.6,2619,100.0000000000
2.6,2653,100.0000000000
2.6,2687,100.0000000000
2.6,2721,100.0000000000
2.6,2755,100.0000000000
2.6,2789,100.0000000000
2.6,2823,100.0000000000
2.6,2857,100.0000000000
2.6,2891,100.0000000000
2.6,2925,100.0000000000
2.6,2959,100.0000000000
2.6,2993,100.0000000000
2.6,3027,100.0000000000
2.6,3061,100.0000000000
2.6,3095,100.0000000000
2.6,3129,100.0000000000
2.6,3163,100.0000000000
2.6,3197,100.0000000000
2.6,3231,100.0000000000
2.6,3265,100.0000000000
2.6,3299,100.0000000000
2.6,3333,100.0000000000
2.6,3367,100.0000000000
2.6,3401,100.0000000000
2.6,3432,100.0000000000
2.7,1,98.8447559539
2.7,35,99.9820919210
2.7,69,99.9969441082
2.7,103,99.9991401843
2.7,137,99.9996264138
2.7,171,99.9998231151
2.7,205,99.9999184068
2.7,239,99.9999548541
2.7,273,99.9999724500
2.7,307,99.9999813882
2.7,341,99.9999877067
2.7,375,99.9999919959
2.7,409,99.9999948428
2.7,443,99.9999966789
2.7,477,99.9999977768
2.7,511,99.9999985203
2.7,545,99.9999989964
2.7,579,99.9999992887
2.7,613,99.9999994811
2.7,647,99.9999996114
2.7,681,99.9999997112
2.7,715,99.9999997807
2.7,749,99.9999998308
2.7,783,99.9999998675
2.7,817,99.9999998950
2.7,851,99.9999999170
2.7,885,99.9999999347
2.7,919,99.9999999487
2.7,953,99.9999999596
2.7,987,99.9999999683
2.7,1021,99.9999999751
2.7,1055,99.9999999803
2.7,1089,99.9999999845
2.7,1123,99.9999999876
2.7,1157,99.9999999900
2.7,1191,99.9999999919
2.7,1225,99.9999999935
2.7,1259,99.9999999947
2.7,1293,99.9999999957
2.7,1327,99.9999999965
2.7,1361,99.9999999972
2.7,1395,99.9999999978
2.7,1429,99.9999999982
2.7,1463,99.9999999986
2.7,1497,99.9999999989
2.7,1531,99.9999999991
2.7,1565,99.9999999993
2.7,1599,99.9999999994
2.7,1633,99.9999999995
2.7,1667,99.9999999996
2.7,1701,99.9999999997
2.7,1735,99.9999999998
2.7,1769,99.9999999998
2.7,1803,99.9999999999
2.7,1837,99.9999999999
2.7,1871,99.9999999999
2.7,1905,99.9999999999
2.7,1939,100.0000000000
2.7,1973,100.0000000000
2.7,2007,100.0000000000
2.7,2041,100.0000000000
2.7,2075,100.0000000000
2.7,2109,100.0000000000
2.7,2143,100.0000000000
2.7,2177,100.0000000000
2.7,2211,100.0000000000
2.7,2245,100.0000000000
2.7,2279,100.0000000000
2.7,2313,100.0000000000
2.7,2347,100.0000000000
2.7,2381,100.0000000000
2.7,2415,100.0000000000
2.7,2449,100.0000000000
2.7,2483,100.0000000000
2.7,2517,100.0000000000
2.7,2551,100.0000000000
2.7,2585,100.0000000000
2.7,2619,100.0000000000
2.7,2653,100.0000000000
2.7,2687,100.0000000000
2.7,2721,100.0000000000
2.7,2755,100.0000000000
2.7,2789,100.0000000000
2.7,2823,100.0000000000
2.7,2857,100.0000000000
2.7,2891,100.0000000000
2.7,2925,100.0000000000
2.7,2959,100.0000000000
2.7,2993,100.0000000000
2.7,3027,100.0000000000
2.7,3061,100.0000000000
2.7,3095,100.0000000000
2.7,3129,100.0000000000
2.7,3163,100.0000000000
2.7,3197,100.0000000000
2.7,3231,100.0000000000
2.7,3265,100.0000000000
2.7,3299,100.0000000000
2.7,3333,100.0000000000
2.7,3367,100.0000000000
2.7,3401,100.0000000000
2.7,3432,100.0000000000
2.8,1,98.7135515304
2.8,35,99.9823698779
2.8,69,99.9972680393
2.8,103,99.9992690319
2.8,137,99.9996944265
2.8,171,99.9998576718
2.8,205,99.9999315113
2.8,239,99.9999641441
2.8,273,99.9999784905
2.8,307,99.9999859385
2.8,341,99.9999910429
2.8,375,99.9999944157
2.8,409,99.9999964518
2.8,443,99.9999977397
2.8,477,99.9999984966
2.8,511,99.9999989758
2.8,545,99.9999992916
2.8,579,99.9999994959
2.8,613,99.9999996326
2.8,647,99.9999997245
2.8,681,99.9999997909
2.8,715,99.9999998409
2.8,749,99.9999998785
2.8,783,99.9999999064
2.8,817,99.9999999275
2.8,851,99.9999999434
2.8,885,99.9999999558
2.8,919,99.9999999656
2.8,953,99.9999999730
2.8,987,99.9999999789
2.8,1021,99.9999999835
2.8,1055,99.9999999872
2.8,1089,99.9999999899
2.8,1123,99.9999999919
2.8,1157,99.9999999934
2.8,1191,99.9999999947
2.8,1225,99.9999999957
2.8,1259,99.9999999965
2.8,1293,99.9999999972
2.8,1327,99.9999999977
2.8,1361,99.9999999982
2.8,1395,99.9999999986
2.8,1429,99.9999999989
2.8,1463,99.9999999991
2.8,1497,99.9999999993
2.8,1531,99.9999999994
2.8,1565,99.9999999996
2.8,1599,99.9999999997
2.8,1633,99.9999999997
2.8,1667,99.9999999998
2.8,1701,99.9999999999
2.8,1735,99.9999999999
2.8,1769,99.9999999999
2.8,1803,99.9999999999
2.8,1837,99.9999999999
2.8,1871,100.0000000000
2.8,1905,100.0000000000
2.8,1939,100.0000000000
2.8,1973,100.0000000000
2.8,2007,100.0000000000
2.8,2041,100.0000000000
2.8,2075,100.0000000000
2.8,2109,100.0000000000
2.8,2143,100.0000000000
2.8,2177,100.0000000000
2.8,2211,100.0000000000
2.8,2245,100.0000000000
2.8,2279,100.0000000000
2.8,2313,100.0000000000
2.8,2347,100.0000000000
2.8,2381,100.0000000000
2.8,2415,100.0000000000
2.8,2449,100.0000000000
2.8,2483,100.0000000000
2.8,2517,100.0000000000
2.8,2551,100.0000000000
2.8,2585,100.0000000000
2.8,2619,100.0000000000
2.8,2653,100.0000000000
2.8,2687,100.0000000000
2.8,2721,100.0000000000
2.8,2755,100.0000000000
2.8,2789,100.0000000000
2.8,2823,100.0000000000
2.8,2857,100.0000000000
2.8,2891,100.0000000000
2.8,2925,100.0000000000
2.8,2959,100.0000000000
2.8,2993,100.0000000000
2.8,3027,100.0000000000
2.8,3061,100.0000000000
2.8,3095,100.0000000000
2.8,3129,100.0000000000
2.8,3163,100.0000000000
2.8,3197,100.0000000000
2.8,3231,100.0000000000
2.8,3265,100.0000000000
2.8,3299,100.0000000000
2.8,3333,100.0000000000
2.8,3367,100.0000000000
2.8,3401,100.0000000000
2.8,3432,100.0000000000
2.9,1,98.5606826555
2.9,35,99.9832850495
2.9,69,99.9974208158
2.9,103,99.9993596888
2.9,137,99.9997327659
2.9,171,99.9998802679
2.9,205,99.9999422399
2.9,239,99.9999686864
2.9,273,99.9999814459
2.9,307,99.9999882707
2.9,341,99.9999927489
2.9,375,99.9999954717
2.9,409,99.9999971747
2.9,443,99.9999982053
2.9,477,99.9999987798
2.9,511,99.9999991599
2.9,545,99.9999994010
2.9,579,99.9999995654
2.9,613,99.9999996828
2.9,647,99.9999997662
2.9,681,99.9999998260
2.9,715,99.9999998711
2.9,749,99.9999999040
2.9,783,99.9999999281
2.9,817,99.9999999453
2.9,851,99.9999999579
2.9,885,99.9999999672
2.9,919,99.9999999742
2.9,953,99.9999999798
2.9,987,99.9999999843
2.9,1021,99.9999999879
2.9,1055,99.9999999904
2.9,1089,99.9999999923
2.9,1123,99.9999999938
2.9,1157,99.9999999950
2.9,1191,99.9999999959
2.9,1225,99.9999999967
2.9,1259,99.9999999973
2.9,1293,99.9999999978
2.9,1327,99.9999999983
2.9,1361,99.9999999987
2.9,1395,99.9999999989
2.9,1429,99.9999999992
2.9,1463,99.9999999993
2.9,1497,99.9999999995
2.9,1531,99.9999999996
2.9,1565,99.9999999997
2.9,1599,99.9999999997
2.9,1633,99.9999999998
2.9,1667,99.9999999999
2.9,1701,99.9999999999
2.9,1735,99.9999999999
2.9,1769,99.9999999999
2.9,1803,99.9999999999
2.9,1837,100.0000000000
2.9,1871,100.0000000000
2.9,1905,100.0000000000
2.9,1939,100.0000000000
2.9,1973,100.0000000000
2.9,2007,100.0000000000
2.9,2041,100.0000000000
2.9,2075,100.0000000000
2.9,2109,100.0000000000
2.9,2143,100.0000000000
2.9,2177,100.0000000000
2.9,2211,100.0000000000
2.9,2245,100.0000000000
2.9,2279,100.0000000000
2.9,2313,100.0000000000
2.9,2347,100.0000000000
2.9,2381,100.0000000000
2.9,2415,100.0000000000
2.9,2449,100.0000000000
2.9,2483,100.0000000000
2.9,2517,100.0000000000
2.9,2551,100.0000000000
2.9,2585,100.0000000000
2.9,2619,100.0000000000
2.9,2653,100.0000000000
2.9,2687,100.0000000000
2.9,2721,100.0000000000
2.9,2755,100.0000000000
2.9,2789,100.0000000000
2.9,2823,100.0000000000
2.9,2857,100.0000000000
2.9,2891,100.0000000000
2.9,2925,100.0000000000
2.9,2959,100.0000000000
2.9,2993,100.0000000000
2.9,3027,100.0000000000
2.9,3061,100.0000000000
2.9,3095,100.0000000000
2.9,3129,100.0000000000
2.9,3163,100.0000000000
2.9,3197,100.0000000000
2.9,3231,100.0000000000
2.9,3265,100.0000000000
2.9,3299,100.0000000000
2.9,3333,100.0000000000
2.9,3367,100.0000000000
2.9,3401,100.0000000000
2.9,3432,100.0000000000
3.0,1,98.3886781726
3.0,35,99.9844059167
3.0,69,99.9976028576
3.0,103,99.9993871440
3.0,137,99.9997489437
3.0,171,99.9998915560
3.0,205,99.9999445468
3.0,239,99.9999700148
3.0,273,99.9999817511
3.0,307,99.9999886481
3.0,341,99.9999928081
3.0,375,99.9999955945
3.0,409,99.9999973713
3.0,443,99.9999983749
3.0,477,99.9999989258
3.0,511,99.9999992716
3.0,545,99.9999994872
3.0,579,99.9999996250
3.0,613,99.9999997251
3.0,647,99.9999997948
3.0,681,99.9999998474
3.0,715,99.9999998874
3.0,749,99.9999999158
3.0,783,99.9999999364
3.0,817,99.9999999520
3.0,851,99.9999999635
3.0,885,99.9999999714
3.0,919,99.9999999777
3.0,953,99.9999999825
3.0,987,99.9999999861
3.0,1021,99.9999999889
3.0,1055,99.9999999911
3.0,1089,99.9999999928
3.0,1123,99.9999999942
3.0,1157,99.9999999953
3.0,1191,99.9999999962
3.0,1225,99.9999999970
3.0,1259,99.9999999976
3.0,1293,99.9999999980
3.0,1327,99.9999999985
3.0,1361,99.9999999988
3.0,1395,99.9999999990
3.0,1429,99.9999999992
3.0,1463,99.9999999994
3.0,1497,99.9999999995
3.0,1531,99.9999999996
3.0,1565,99.9999999997
3.0,1599,99.9999999998
3.0,1633,99.9999999998
3.0,1667,99.9999999999
3.0,1701,99.9999999999
3.0,1735,99.9999999999
3.0,1769,99.9999999999
3.0,1803,100.0000000000
3.0,1837,100.0000000000
3.0,1871,100.0000000000
3.0,1905,100.0000000000
3.0,1939,100.0000000000
3.0,1973,100.0000000000
3.0,2007,100.0000000000
3.0,2041,100.0000000000
3.0,2075,100.0000000000
3.0,2109,100.0000000000
3.0,2143,100.0000000000
3.0,2177,100.0000000000
3.0,2211,100.0000000000
3.0,2245,100.0000000000
3.0,2279,100.0000000000
3.0,2313,100.0000000000
3.0,2347,100.0000000000
3.0,2381,100.0000000000
3.0,2415,100.0000000000
3.0,2449,100.0000000000
3.0,2483,100.0000000000
3.0,2517,100.0000000000
3.0,2551,100.0000000000
3.0,2585,100.0000000000
3.0,2619,100.0000000000
3.0,2653,100.0000000000
3.0,2687,100.0000000000
3.0,2721,100.0000000000
3.0,2755,100.0000000000
3.0,2789,100.0000000000
3.0,2823,100.0000000000
3.0,2857,100.0000000000
3.0,2891,100.0000000000
3.0,2925,100.0000000000
3.0,2959,100.0000000000
3.0,2993,100.0000000000
3.0,3027,100.0000000000
3.0,3061,100.0000000000
3.0,3095,100.0000000000
3.0,3129,100.0000000000
3.0,3163,100.0000000000
3.0,3197,100.0000000000
3.0,3231,100.0000000000
3.0,3265,100.0000000000
3.0,3299,100.0000000000
3.0,3333,100.0000000000
3.0,3367,100.0000000000
3.0,3401,100.0000000000
3.0,3432,100.0000000000
3.1,1,98.1968958638
3.1,35,99.9847342080
3.1,69,99.9975243817
3.1,103,99.9993606879
3.1,137,99.9997330117
3.1,171,99.9998787038
3.1,205,99.9999415062
3.1,239,99.9999689825
3.1,273,99.9999814166
3.1,307,99.9999888652
3.1,341,99.9999930478
3.1,375,99.9999957342
3.1,409,99.9999973824
3.1,443,99.9999983413
3.1,477,99.9999988888
3.1,511,99.9999992412
3.1,545,99.9999994700
3.1,579,99.9999996237
3.1,613,99.9999997268
3.1,647,99.9999997978
3.1,681,99.9999998479
3.1,715,99.9999998851
3.1,749,99.9999999133
3.1,783,99.9999999345
3.1,817,99.9999999504
3.1,851,99.9999999623
3.1,885,99.9999999709
3.1,919,99.9999999774
3.1,953,99.9999999825
3.1,987,99.9999999863
3.1,1021,99.9999999891
3.1,1055,99.9999999913
3.1,1089,99.9999999930
3.1,1123,99.9999999944
3.1,1157,99.9999999955
3.1,1191,99.9999999964
3.1,1225,99.9999999971
3.1,1259,99.9999999977
3.1,1293,99.9999999982
3.1,1327,99.9999999986
3.1,1361,99.9999999989
3.1,1395,99.9999999991
3.1,1429,99.9999999993
3.1,1463,99.9999999994
3.1,1497,99.9999999995
3.1,1531,99.9999999996
3.1,1565,99.9999999997
3.1,1599,99.9999999998
3.1,1633,99.9999999998
3.1,1667,99.9999999999
3.1,1701,99.9999999999
3.1,1735,99.9999999999
3.1,1769,99.9999999999
3.1,1803,100.0000000000
3.1,1837,100.0000000000
3.1,1871,100.0000000000
3.1,1905,100.0000000000
3.1,1939,100.0000000000
3.1,1973,100.0000000000
3.1,2007,100.0000000000
3.1,2041,100.0000000000
3.1,2075,100.0000000000
3.1,2109,100.0000000000
3.1,2143,100.0000000000
3.1,2177,100.0000000000
3.1,2211,100.0000000000
3.1,2245,100.0000000000
3.1,2279,100.0000000000
3.1,2313,100.0000000000
3.1,2347,100.0000000000
3.1,2381,100.0000000000
3.1,2415,100.0000000000
3.1,2449,100.0000000000
3.1,2483,100.0000000000
3.1,2517,100.0000000000
3.1,2551,100.0000000000
3.1,2585,100.0000000000
3.1,2619,100.0000000000
3.1,2653,100.0000000000
3.1,2687,100.0000000000
3.1,2721,100.0000000000
3.1,2755,100.0000000000
3.1,2789,100.0000000000
3.1,2823,100.0000000000
3.1,2857,100.0000000000
3.1,2891,100.0000000000
3.1,2925,100.0000000000
3.1,2959,100.0000000000
3.1,2993,100.0000000000
3.1,3027,100.0000000000
3.1,3061,100.0000000000
3.1,3095,100.0000000000
3.1,3129,100.0000000000
3.1,3163,100.0000000000
3.1,3197,100.0000000000
3.1,3231,100.0000000000
3.1,3265,100.0000000000
3.1,3299,100.0000000000
3.1,3333,100.0000000000
3.1,3367,100.0000000000
3.1,3401,100.0000000000
3.1,3432,100.0000000000
3.2,1,32.8848374472
3.2,35,99.8895998633
3.2,69,99.9768828688
3.2,103,99.9933427519
3.2,137,99.9976208138
3.2,171,99.9988311051
3.2,205,99.9993849616
3.2,239,99.9996366820
3.2,273,99.9997753123
3.2,307,99.9998633217
3.2,341,99.9999138158
3.2,375,99.9999429554
3.2,409,99.9999610141
3.2,443,99.9999729669
3.2,477,99.9999809531
3.2,511,99.9999866578
3.2,545,99.9999904049
3.2,579,99.9999928748
3.2,613,99.9999946790
3.2,647,99.9999960207
3.2,681,99.9999970232
3.2,715,99.9999978043
3.2,749,99.9999983744
3.2,783,99.9999987884
3.2,817,99.9999990735
3.2,851,99.9999992830
3.2,885,99.9999994397
3.2,919,99.9999995590
3.2,953,99.9999996515
3.2,987,99.9999997258
3.2,1021,99.9999997818
3.2,1055,99.9999998258
3.2,1089,99.9999998603
3.2,1123,99.9999998879
3.2,1157,99.9999999101
3.2,1191,99.9999999274
3.2,1225,99.9999999413
3.2,1259,99.9999999523
3.2,1293,99.9999999616
3.2,1327,99.9999999690
3.2,1361,99.9999999750
3.2,1395,99.9999999799
3.2,1429,99.9999999840
3.2,1463,99.9999999873
3.2,1497,99.9999999899
3.2,1531,99.9999999920
3.2,1565,99.9999999936
3.2,1599,99.9999999949
3.2,1633,99.9999999959
3.2,1667,99.9999999968
3.2,1701,99.9999999974
3.2,1735,99.9999999979
3.2,1769,99.9999999984
3.2,1803,99.9999999987
3.2,1837,99.9999999989
3.2,1871,99.9999999992
3.2,1905,99.9999999993
3.2,1939,99.9999999995
3.2,1973,99.9999999996
3.2,2007,99.9999999997
3.2,2041,99.9999999997
3.2,2075,99.9999999998
3.2,2109,99.9999999998
3.2,2143,99.9999999999
3.2,2177,99.9999999999
3.2,2211,99.9999999999
3.2,2245,99.9999999999
3.2,2279,99.9999999999
3.2,2313,100.0000000000
3.2,2347,100.0000000000
3.2,2381,100.0000000000
3.2,2415,100.0000000000
3.2,2449,100.0000000000
3.2,2483,100.0000000000
3.2,2517,100.0000000000
3.2,2551,100.0000000000
3.2,2585,100.0000000000
3.2,2619,100.0000000000
3.2,2653,100.0000000000
3.2,2687,100.0000000000
3.2,2721,100.0000000000
3.2,2755,100.0000000000
3.2,2789,100.0000000000
3.2,2823,100.0000000000
3.2,2857,100.0000000000
3.2,2891,100.0000000000
3.2,2925,100.0000000000
3.2,2959,100.0000000000
3.2,2993,100.0000000000
3.2,3027,100.0000000000
3.2,3061,100.0000000000
3.2,3095,100.0000000000
3.2,3129,100.0000000000
3.2,3163,100.0000000000
3.2,3197,100.0000000000
3.2,3231,100.0000000000
3.2,3265,100.0000000000
3.2,3299,100.0000000000
3.2,3333,100.0000000000
3.2,3367,100.0000000000
3.2,3401,100.0000000000
3.2,3432,100.0000000000
3.3,1,32.8598787484
3.3,35,99.8971293015
3.3,69,99.9789086106
3.3,103,99.9937170060
3.3,137,99.9978322408
3.3,171,99.9989385113
3.3,205,99.9994651839
3.3,239,99.9996877248
3.3,273,99.9998011787
3.3,307,99.9998779118
3.3,341,99.9999246511
3.3,375,99.9999504556
3.3,409,99.9999658184
3.3,443,99.9999763266
3.3,477,99.9999836473
3.3,511,99.9999884640
3.3,545,99.9999916973
3.3,579,99.9999938506
3.3,613,99.9999954385
3.3,647,99.9999966249
3.3,681,99.9999974722
3.3,715,99.9999981048
3.3,749,99.9999985810
3.3,783,99.9999989375
3.3,817,99.9999991900
3.3,851,99.9999993679
3.3,885,99.9999995042
3.3,919,99.9999996057
3.3,953,99.9999996893
3.3,987,99.9999997589
3.3,1021,99.9999998131
3.3,1055,99.9999998533
3.3,1089,99.9999998839
3.3,1123,99.9999999069
3.3,1157,99.9999999251
3.3,1191,99.9999999394
3.3,1225,99.9999999509
3.3,1259,99.9999999605
3.3,1293,99.9999999683
3.3,1327,99.9999999747
3.3,1361,99.9999999799
3.3,1395,99.9999999840
3.3,1429,99.9999999873
3.3,1463,99.9999999898
3.3,1497,99.9999999918
3.3,1531,99.9999999934
3.3,1565,99.9999999947
3.3,1599,99.9999999957
3.3,1633,99.9999999966
3.3,1667,99.9999999972
3.3,1701,99.9999999978
3.3,1735,99.9999999982
3.3,1769,99.9999999986
3.3,1803,99.9999999989
3.3,1837,99.9999999991
3.3,1871,99.9999999993
3.3,1905,99.9999999994
3.3,1939,99.9999999995
3.3,1973,99.9999999996
3.3,2007,99.9999999997
3.3,2041,99.9999999998
3.3,2075,99.9999999998
3.3,2109,99.9999999999
3.3,2143,99.9999999999
3.3,2177,99.9999999999
3.3,2211,99.9999999999
3.3,2245,99.9999999999
3.3,2279,100.0000000000
3.3,2313,100.0000000000
3.3,2347,100.0000000000
3.3,2381,100.0000000000
3.3,2415,100.0000000000
3.3,2449,100.0000000000
3.3,2483,100.0000000000
3.3,2517,100.0000000000
3.3,2551,100.0000000000
3.3,2585,100.0000000000
3.3,2619,100.0000000000
3.3,2653,100.0000000000
3.3,2687,100.0000000000
3.3,2721,100.0000000000
3.3,2755,100.0000000000
3.3,2789,100.0000000000
3.3,2823,100.0000000000
3.3,2857,100.0000000000
3.3,2891,100.0000000000
3.3,2925,100.0000000000
3.3,2959,100.0000000000
3.3,2993,100.0000000000
3.3,3027,100.0000000000
3.3,3061,100.0000000000
3.3,3095,100.0000000000
3.3,3129,100.0000000000
3.3,3163,100.0000000000
3.3,3197,100.0000000000
3.3,3231,100.0000000000
3.3,3265,100.0000000000
3.3,3299,100.0000000000
3.3,3333,100.0000000000
3.3,3367,100.0000000000
3.3,3401,100.0000000000
3.3,3432,100.0000000000
3.4,1,32.8387453809
3.4,35,99.9053950878
3.4,69,99.9815053305
3.4,103,99.9943186200
3.4,137,99.9980585746
3.4,171,99.9990683824
3.4,205,99.9995354650
3.4,239,99.9997359377
3.4,273,99.9998358617
3.4,307,99.9998972616
3.4,341,99.9999356377
3.4,375,99.9999576220
3.4,409,99.9999707614
3.4,443,99.9999798803
3.4,477,99.9999858174
3.4,511,99.9999899775
3.4,545,99.9999928095
3.4,579,99.9999947493
3.4,613,99.9999961092
3.4,647,99.9999971609
3.4,681,99.9999978709
3.4,715,99.9999984037
3.4,749,99.9999988061
3.4,783,99.9999990963
3.4,817,99.9999993049
3.4,851,99.9999994559
3.4,885,99.9999995732
3.4,919,99.9999996635
3.4,953,99.9999997369
3.4,987,99.9999997982
3.4,1021,99.9999998469
3.4,1055,99.9999998812
3.4,1089,99.9999999061
3.4,1123,99.9999999254
3.4,1157,99.9999999401
3.4,1191,99.9999999518
3.4,1225,99.9999999614
3.4,1259,99.9999999691
3.4,1293,99.9999999754
3.4,1327,99.9999999803
3.4,1361,99.9999999842
3.4,1395,99.9999999874
3.4,1429,99.9999999899
3.4,1463,99.9999999919
3.4,1497,99.9999999934
3.4,1531,99.9999999946
3.4,1565,99.9999999957
3.4,1599,99.9999999965
3.4,1633,99.9999999972
3.4,1667,99.9999999978
3.4,1701,99.9999999982
3.4,1735,99.9999999985
3.4,1769,99.9999999988
3.4,1803,99.9999999991
3.4,1837,99.9999999992
3.4,1871,99.9999999994
3.4,1905,99.9999999995
3.4,1939,99.9999999996
3.4,1973,99.9999999997
3.4,2007,99.9999999998
3.4,2041,99.9999999998
3.4,2075,99.9999999998
3.4,2109,99.9999999999
3.4,2143,99.9999999999
3.4,2177,99.9999999999
3.4,2211,99.9999999999
3.4,2245,100.0000000000
3.4,2279,100.0000000000
3.4,2313,100.0000000000
3.4,2347,100.0000000000
3.4,2381,100.0000000000
3.4,2415,100.0000000000
3.4,2449,100.0000000000
3.4,2483,100.0000000000
3.4,2517,100.0000000000
3.4,2551,100.0000000000
3.4,2585,100.0000000000
3.4,2619,100.0000000000
3.4,2653,100.0000000000
3.4,2687,100.0000000000
3.4,2721,100.0000000000
3.4,2755,100.0000000000
3.4,2789,100.0000000000
3.4,2823,100.0000000000
3.4,2857,100.0000000000
3.4,2891,100.0000000000
3.4,2925,100.0000000000
3.4,2959,100.0000000000
3.4,2993,100.0000000000
3.4,3027,100.0000000000
3.4,3061,100.0000000000
3.4,3095,100.0000000000
3.4,3129,100.0000000000
3.4,3163,100.0000000000
3.4,3197,100.0000000000
3.4,3231,100.0000000000
3.4,3265,100.0000000000
3.4,3299,100.0000000000
3.4,3333,100.0000000000
3.4,3367,100.0000000000
3.4,3401,100.0000000000
3.4,3432,100.0000000000
3.5,1,32.8562389616
3.5,35,99.9138730790
3.5,69,99.9835181801
3.5,103,99.9949611168
3.5,137,99.9981961001
3.5,171,99.9991337780
3.5,205,99.9995602711
3.5,239,99.9997491640
3.5,273,99.9998464215
3.5,307,99.9999022621
3.5,341,99.9999371152
3.5,375,99.9999582472
3.5,409,99.9999712248
3.5,443,99.9999798246
3.5,477,99.9999855595
3.5,511,99.9999894398
3.5,545,99.9999922721
3.5,579,99.9999943380
3.5,613,99.9999957756
3.5,647,99.9999968858
3.5,681,99.9999976966
3.5,715,99.9999982832
3.5,749,99.9999987097
3.5,783,99.9999990213
3.5,817,99.9999992401
3.5,851,99.9999994078
3.5,885,99.9999995400
3.5,919,99.9999996410
3.5,953,99.9999997193
3.5,987,99.9999997805
3.5,1021,99.9999998298
3.5,1055,99.9999998686
3.5,1089,99.9999998982
3.5,1123,99.9999999197
3.5,1157,99.9999999361
3.5,1191,99.9999999493
3.5,1225,99.9999999595
3.5,1259,99.9999999678
3.5,1293,99.9999999741
3.5,1327,99.9999999790
3.5,1361,99.9999999828
3.5,1395,99.9999999859
3.5,1429,99.9999999885
3.5,1463,99.9999999906
3.5,1497,99.9999999923
3.5,1531,99.9999999937
3.5,1565,99.9999999948
3.5,1599,99.9999999957
3.5,1633,99.9999999965
3.5,1667,99.9999999971
3.5,1701,99.9999999977
3.5,1735,99.9999999981
3.5,1769,99.9999999984
3.5,1803,99.9999999987
3.5,1837,99.9999999990
3.5,1871,99.9999999992
3.5,1905,99.9999999993
3.5,1939,99.9999999995
3.5,1973,99.9999999996
3.5,2007,99.9999999997
3.5,2041,99.9999999997
3.5,2075,99.9999999998
3.5,2109,99.9999999998
3.5,2143,99.9999999999
3.5,2177,99.9999999999
3.5,2211,99.9999999999
3.5,2245,99.9999999999
3.5,2279,99.9999999999
3.5,2313,100.0000000000
3.5,2347,100.0000000000
3.5,2381,100.0000000000
3.5,2415,100.0000000000
3.5,2449,100.0000000000
3.5,2483,100.0000000000
3.5,2517,100.0000000000
3.5,2551,100.0000000000
3.5,2585,100.0000000000
3.5,2619,100.0000000000
3.5,2653,100.0000000000
3.5,2687,100.0000000000
3.5,2721,100.0000000000
3.5,2755,100.0000000000
3.5,2789,100.0000000000
3.5,2823,100.0000000000
3.5,2857,100.0000000000
3.5,2891,100.0000000000
3.5,2925,100.0000000000
3.5,2959,100.0000000000
3.5,2993,100.0000000000
3.5,3027,100.0000000000
3.5,3061,100.0000000000
3.5,3095,100.0000000000
3.5,3129,100.0000000000
3.5,3163,100.0000000000
3.5,3197,100.0000000000
3.5,3231,100.0000000000
3.5,3265,100.0000000000
3.5,3299,100.0000000000
3.5,3333,100.0000000000
3.5,3367,100.0000000000
3.5,3401,100.0000000000
3.5,3432,100.0000000000
3.6,1,32.8651476463
3.6,35,99.9217883794
3.6,69,99.9853058896
3.6,103,99.9957316823
3.6,137,99.9984126626
3.6,171,99.9992628196
3.6,205,99.9996266037
3.6,239,99.9997877488
3.6,273,99.9998736095
3.6,307,99.9999211280
3.6,341,99.9999485326
3.6,375,99.9999660556
3.6,409,99.9999765228
3.6,443,99.9999833265
3.6,477,99.9999879475
3.6,511,99.9999912858
3.6,545,99.9999935643
3.6,579,99.9999952287
3.6,613,99.9999964281
3.6,647,99.9999973791
3.6,681,99.9999980702
3.6,715,99.9999985842
3.6,749,99.9999989318
3.6,783,99.9999991926
3.6,817,99.9999993773
3.6,851,99.9999995221
3.6,885,99.9999996319
3.6,919,99.9999997163
3.6,953,99.9999997796
3.6,987,99.9999998276
3.6,1021,99.9999998653
3.6,1055,99.9999998952
3.6,1089,99.9999999185
3.6,1123,99.9999999369
3.6,1157,99.9999999502
3.6,1191,99.9999999605
3.6,1225,99.9999999686
3.6,1259,99.9999999751
3.6,1293,99.9999999802
3.6,1327,99.9999999841
3.6,1361,99.9999999870
3.6,1395,99.9999999893
3.6,1429,99.9999999912
3.6,1463,99.9999999928
3.6,1497,99.9999999941
3.6,1531,99.9999999951
3.6,1565,99.9999999960
3.6,1599,99.9999999967
3.6,1633,99.9999999972
3.6,1667,99.9999999977
3.6,1701,99.9999999981
3.6,1735,99.9999999985
3.6,1769,99.9999999988
3.6,1803,99.9999999990
3.6,1837,99.9999999992
3.6,1871,99.9999999994
3.6,1905,99.9999999995
3.6,1939,99.9999999996
3.6,1973,99.9999999997
3.6,2007,99.9999999997
3.6,2041,99.9999999998
3.6,2075,99.9999999998
3.6,2109,99.9999999999
3.6,2143,99.9999999999
3.6,2177,99.9999999999
3.6,2211,99.9999999999
3.6,2245,99.9999999999
3.6,2279,100.0000000000
3.6,2313,100.0000000000
3.6,2347,100.0000000000
3.6,2381,100.0000000000
3.6,2415,100.0000000000
3.6,2449,100.0000000000
3.6,2483,100.0000000000
3.6,2517,100.0000000000
3.6,2551,100.0000000000
3.6,2585,100.0000000000
3.6,2619,100.0000000000
3.6,2653,100.0000000000
3.6,2687,100.0000000000
3.6,2721,100.0000000000
3.6,2755,100.0000000000
3.6,2789,100.0000000000
3.6,2823,100.0000000000
3.6,2857,100.0000000000
3.6,2891,100.0000000000
3.6,2925,100.0000000000
3.6,2959,100.0000000000
3.6,2993,100.0000000000
3.6,3027,100.0000000000
3.6,3061,100.0000000000
3.6,3095,100.0000000000
3.6,3129,100.0000000000
3.6,3163,100.0000000000
3.6,3197,100.0000000000
3.6,3231,100.0000000000
3.6,3265,100.0000000000
3.6,3299,100.0000000000
3.6,3333,100.0000000000
3.6,3367,100.0000000000
3.6,3401,100.0000000000
3.6,3432,100.0000000000
3.7,1,32.8751581919
3.7,35,99.9295490420
3.7,69,99.9872492676
3.7,103,99.9964587111
3.7,137,99.9986433403
3.7,171,99.9993877059
3.7,205,99.9996819107
3.7,239,99.9998190959
3.7,273,99.9998960180
3.7,307,99.9999347343
3.7,341,99.9999572303
3.7,375,99.9999717410
3.7,409,99.9999808336
3.7,443,99.9999864132
3.7,477,99.9999902216
3.7,511,99.9999928846
3.7,545,99.9999947605
3.7,579,99.9999960763
3.7,613,99.9999970731
3.7,647,99.9999978642
3.7,681,99.9999984398
3.7,715,99.9999988506
3.7,749,99.9999991437
3.7,783,99.9999993546
3.7,817,99.9999995047
3.7,851,99.9999996227
3.7,885,99.9999997092
3.7,919,99.9999997739
3.7,953,99.9999998246
3.7,987,99.9999998633
3.7,1021,99.9999998931
3.7,1055,99.9999999171
3.7,1089,99.9999999358
3.7,1123,99.9999999501
3.7,1157,99.9999999608
3.7,1191,99.9999999691
3.7,1225,99.9999999755
3.7,1259,99.9999999807
3.7,1293,99.9999999845
3.7,1327,99.9999999875
3.7,1361,99.9999999899
3.7,1395,99.9999999917
3.7,1429,99.9999999932
3.7,1463,99.9999999944
3.7,1497,99.9999999954
3.7,1531,99.9999999962
3.7,1565,99.9999999968
3.7,1599,99.9999999974
3.7,1633,99.9999999979
3.7,1667,99.9999999983
3.7,1701,99.9999999986
3.7,1735,99.9999999989
3.7,1769,99.9999999991
3.7,1803,99.9999999993
3.7,1837,99.9999999994
3.7,1871,99.9999999995
3.7,1905,99.9999999996
3.7,1939,99.9999999997
3.7,1973,99.9999999998
3.7,2007,99.9999999998
3.7,2041,99.9999999998
3.7,2075,99.9999999999
3.7,2109,99.9999999999
3.7,2143,99.9999999999
3.7,2177,99.9999999999
3.7,2211,100.0000000000
3.7,2245,100.0000000000
3.7,2279,100.0000000000
3.7,2313,100.0000000000
3.7,2347,100.0000000000
3.7,2381,100.0000000000
3.7,2415,100.0000000000
3.7,2449,100.0000000000
3.7,2483,100.0000000000
3.7,2517,100.0000000000
3.7,2551,100.0000000000
3.7,2585,100.0000000000
3.7,2619,100.0000000000
3.7,2653,100.0000000000
3.7,2687,100.0000000000
3.7,2721,100.0000000000
3.7,2755,100.0000000000
3.7,2789,100.0000000000
3.7,2823,100.0000000000
3.7,2857,100.0000000000
3.7,2891,100.0000000000
3.7,2925,100.0000000000
3.7,2959,100.0000000000
3.7,2993,100.0000000000
3.7,3027,100.0000000000
3.7,3061,100.0000000000
3.7,3095,100.0000000000
3.7,3129,100.0000000000
3.7,3163,100.0000000000
3.7,3197,100.0000000000
3.7,3231,100.0000000000
3.7,3265,100.0000000000
3.7,3299,100.0000000000
3.7,3333,100.0000000000
3.7,3367,100.0000000000
3.7,3401,100.0000000000
3.7,3432,100.0000000000
3.8,1,32.8862228424
3.8,35,99.9398124266
3.8,69,99.9892235946
3.8,103,99.9970523103
3.8,137,99.9988565498
3.8,171,99.9994995009
3.8,205,99.9997292598
3.8,239,99.9998477062
3.8,273,99.9999127035
3.8,307,99.9999453281
3.8,341,99.9999653685
3.8,375,99.9999772894
3.8,409,99.9999846092
3.8,443,99.9999891543
3.8,477,99.9999921779
3.8,511,99.9999943159
3.8,545,99.9999958338
3.8,579,99.9999969141
3.8,613,99.9999977370
3.8,647,99.9999983464
3.8,681,99.9999987770
3.8,715,99.9999990986
3.8,749,99.9999993270
3.8,783,99.9999994946
3.8,817,99.9999996146
3.8,851,99.9999997043
3.8,885,99.9999997717
3.8,919,99.9999998223
3.8,953,99.9999998622
3.8,987,99.9999998931
3.8,1021,99.9999999169
3.8,1055,99.9999999360
3.8,1089,99.9999999508
3.8,1123,99.9999999622
3.8,1157,99.9999999706
3.8,1191,99.9999999768
3.8,1225,99.9999999816
3.8,1259,99.9999999855
3.8,1293,99.9999999883
3.8,1327,99.9999999906
3.8,1361,99.9999999923
3.8,1395,99.9999999937
3.8,1429,99.9999999948
3.8,1463,99.9999999957
3.8,1497,99.9999999965
3.8,1531,99.9999999971
3.8,1565,99.9999999976
3.8,1599,99.9999999980
3.8,1633,99.9999999984
3.8,1667,99.9999999987
3.8,1701,99.9999999990
3.8,1735,99.9999999992
3.8,1769,99.9999999993
3.8,1803,99.9999999995
3.8,1837,99.9999999996
3.8,1871,99.9999999997
3.8,1905,99.9999999997
3.8,1939,99.9999999998
3.8,1973,99.9999999998
3.8,2007,99.9999999999
3.8,2041,99.9999999999
3.8,2075,99.9999999999
3.8,2109,99.9999999999
3.8,2143,99.9999999999
3.8,2177,100.0000000000
3.8,2211,100.0000000000
3.8,2245,100.0000000000
3.8,2279,100.0000000000
3.8,2313,100.0000000000
3.8,2347,100.0000000000
3.8,2381,100.0000000000
3.8,2415,100.0000000000
3.8,2449,100.0000000000
3.8,2483,100.0000000000
3.8,2517,100.0000000000
3.8,2551,100.0000000000
3.8,2585,100.0000000000
3.8,2619,100.0000000000
3.8,2653,100.0000000000
3.8,2687,100.0000000000
3.8,2721,100.0000000000
3.8,2755,100.0000000000
3.8,2789,100.0000000000
3.8,2823,100.0000000000
3.8,2857,100.0000000000
3.8,2891,100.0000000000
3.8,2925,100.0000000000
3.8,2959,100.0000000000
3.8,2993,100.0000000000
3.8,3027,100.0000000000
3.8,3061,100.0000000000
3.8,3095,100.0000000000
3.8,3129,100.0000000000
3.8,3163,100.0000000000
3.8,3197,100.0000000000
3.8,3231,100.0000000000
3.8,3265,100.0000000000
3.8,3299,100.0000000000
3.8,3333,100.0000000000
3.8,3367,100.0000000000
3.8,3401,100.0000000000
3.8,3432,100.0000000000
3.9,1,32.8982954485
3.9,35,99.9482577684
3.9,69,99.9912631281
3.9,103,99.9976686435
3.9,137,99.9990572099
3.9,171,99.9995798524
3.9,205,99.9997722436
3.9,239,99.9998734449
3.9,273,99.9999277705
3.9,307,99.9999557304
3.9,341,99.9999725203
3.9,375,99.9999818775
3.9,409,99.9999878555
3.9,443,99.9999915152
3.9,477,99.9999939526
3.9,511,99.9999955797
3.9,545,99.9999967150
3.9,579,99.9999975571
3.9,613,99.9999982002
3.9,647,99.9999986867
3.9,681,99.9999990484
3.9,715,99.9999993025
3.9,749,99.9999994862
3.9,783,99.9999996115
3.9,817,99.9999997042
3.9,851,99.9999997713
3.9,885,99.9999998228
3.9,919,99.9999998635
3.9,953,99.9999998947
3.9,987,99.9999999187
3.9,1021,99.9999999373
3.9,1055,99.9999999523
3.9,1089,99.9999999635
3.9,1123,99.9999999720
3.9,1157,99.9999999783
3.9,1191,99.9999999830
3.9,1225,99.9999999867
3.9,1259,99.9999999895
3.9,1293,99.9999999916
3.9,1327,99.9999999932
3.9,1361,99.9999999944
3.9,1395,99.9999999954
3.9,1429,99.9999999963
3.9,1463,99.9999999969
3.9,1497,99.9999999974
3.9,1531,99.9999999979
3.9,1565,99.9999999982
3.9,1599,99.9999999986
3.9,1633,99.9999999988
3.9,1667,99.9999999990
3.9,1701,99.9999999992
3.9,1735,99.9999999994
3.9,1769,99.9999999995
3.9,1803,99.9999999996
3.9,1837,99.9999999997
3.9,1871,99.9999999997
3.9,1905,99.9999999998
3.9,1939,99.9999999998
3.9,1973,99.9999999999
3.9,2007,99.9999999999
3.9,2041,99.9999999999
3.9,2075,99.9999999999
3.9,2109,99.9999999999
3.9,2143,100.0000000000
3.9,2177,100.0000000000
3.9,2211,100.0000000000
3.9,2245,100.0000000000
3.9,2279,100.0000000000
3.9,2313,100.0000000000
3.9,2347,100.0000000000
3.9,2381,100.0000000000
3.9,2415,100.0000000000
3.9,2449,100.0000000000
3.9,2483,100.0000000000
3.9,2517,100.0000000000
3.9,2551,100.0000000000
3.9,2585,100.0000000000
3.9,2619,100.0000000000
3.9,2653,100.0000000000
3.9,2687,100.0000000000
3.9,2721,100.0000000000
3.9,2755,100.0000000000
3.9,2789,100.0000000000
3.9,2823,100.0000000000
3.9,2857,100.0000000000
3.9,2891,100.0000000000
3.9,2925,100.0000000000
3.9,2959,100.0000000000
3.9,2993,100.0000000000
3.9,3027,100.0000000000
3.9,3061,100.0000000000
3.9,3095,100.0000000000
3.9,3129,100.0000000000
3.9,3163,100.0000000000
3.9,3197,100.0000000000
3.9,3231,100.0000000000
3.9,3265,100.0000000000
3.9,3299,100.0000000000
3.9,3333,100.0000000000
3.9,3367,100.0000000000
3.9,3401,100.0000000000
3.9,3432,100.0000000000
4.0,1,32.7697625469
4.0,35,99.9543120670
4.0,69,99.9931606442
4.0,103,99.9982049253
4.0,137,99.9993228033
4.0,171,99.9996708822
4.0,205,99.9998199421
4.0,239,99.9999069576
4.0,273,99.9999480940
4.0,307,99.9999697186
4.0,341,99.9999814652
4.0,375,99.9999883111
4.0,409,99.9999922503
4.0,443,99.9999947447
4.0,477,99.9999964495
4.0,511,99.9999974833
4.0,545,99.9999981681
4.0,579,99.9999986686
4.0,613,99.9999990390
4.0,647,99.9999993133
4.0,681,99.9999995050
4.0,715,99.9999996360
4.0,749,99.9999997334
4.0,783,99.9999997998
4.0,817,99.9999998479
4.0,851,99.9999998860
4.0,885,99.9999999142
4.0,919,99.9999999350
4.0,953,99.9999999509
4.0,987,99.9999999634
4.0,1021,99.9999999728
4.0,1055,99.9999999794
4.0,1089,99.9999999841
4.0,1123,99.9999999877
4.0,1157,99.9999999904
4.0,1191,99.9999999924
4.0,1225,99.9999999939
4.0,1259,99.9999999950
4.0,1293,99.9999999960
4.0,1327,99.9999999967
4.0,1361,99.9999999974
4.0,1395,99.9999999979
4.0,1429,99.9999999983
4.0,1463,99.9999999986
4.0,1497,99.9999999988
4.0,1531,99.9999999990
4.0,1565,99.9999999992
4.0,1599,99.9999999994
4.0,1633,99.9999999995
4.0,1667,99.9999999996
4.0,1701,99.9999999997
4.0,1735,99.9999999997
4.0,1769,99.9999999998
4.0,1803,99.9999999998
4.0,1837,99.9999999999
4.0,1871,99.9999999999
4.0,1905,99.9999999999
4.0,1939,99.9999999999
4.0,1973,100.0000000000
4.0,2007,100.0000000000
4.0,2041,100.0000000000
4.0,2075,100.0000000000
4.0,2109,100.0000000000
4.0,2143,100.0000000000
4.0,2177,100.0000000000
4.0,2211,100.0000000000
4.0,2245,100.0000000000
4.0,2279,100.0000000000
4.0,2313,100.0000000000
4.0,2347,100.0000000000
4.0,2381,100.0000000000
4.0,2415,100.0000000000
4.0,2449,100.0000000000
4.0,2483,100.0000000000
4.0,2517,100.0000000000
4.0,2551,100.0000000000
4.0,2585,100.0000000000
4.0,2619,100.0000000000
4.0,2653,100.0000000000
4.0,2687,100.0000000000
4.0,2721,100.0000000000
4.0,2755,100.0000000000
4.0,2789,100.0000000000
4.0,2823,100.0000000000
4.0,2857,100.0000000000
4.0,2891,100.0000000000
4.0,2925,100.0000000000
4.0,2959,100.0000000000
4.0,2993,100.0000000000
4.0,3027,100.0000000000
4.0,3061,100.0000000000
4.0,3095,100.0000000000
4.0,3129,100.0000000000
4.0,3163,100.0000000000
4.0,3197,100.0000000000
4.0,3231,100.0000000000
4.0,3265,100.0000000000
4.0,3299,100.0000000000
4.0,3333,100.0000000000
4.0,3367,100.0000000000
4.0,3401,100.0000000000
4.0,3432,100.0000000000
4.1,1,32.7731154718
4.1,35,99.9581669681
4.1,69,99.9931253859
4.1,103,99.9982183611
4.1,137,99.9993279162
4.1,171,99.9996706112
4.1,205,99.9998260953
4.1,239,99.9999109827
4.1,273,99.9999508742
4.1,307,99.9999712250
4.1,341,99.9999822379
4.1,375,99.9999886823
4.1,409,99.9999926374
4.1,443,99.9999951411
4.1,477,99.9999967595
4.1,511,99.9999977381
4.1,545,99.9999983711
4.1,579,99.9999988227
4.1,613,99.9999991428
4.1,647,99.9999993860
4.1,681,99.9999995525
4.1,715,99.9999996716
4.1,749,99.9999997573
4.1,783,99.9999998178
4.1,817,99.9999998631
4.1,851,99.9999998968
4.1,885,99.9999999221
4.1,919,99.9999999411
4.1,953,99.9999999557
4.1,987,99.9999999666
4.1,1021,99.9999999747
4.1,1055,99.9999999808
4.1,1089,99.9999999854
4.1,1123,99.9999999886
4.1,1157,99.9999999911
4.1,1191,99.9999999930
4.1,1225,99.9999999944
4.1,1259,99.9999999955
4.1,1293,99.9999999964
4.1,1327,99.9999999971
4.1,1361,99.9999999977
4.1,1395,99.9999999981
4.1,1429,99.9999999985
4.1,1463,99.9999999988
4.1,1497,99.9999999990
4.1,1531,99.9999999992
4.1,1565,99.9999999994
4.1,1599,99.9999999995
4.1,1633,99.9999999996
4.1,1667,99.9999999997
4.1,1701,99.9999999997
4.1,1735,99.9999999998
4.1,1769,99.9999999998
4.1,1803,99.9999999999
4.1,1837,99.9999999999
4.1,1871,99.9999999999
4.1,1905,99.9999999999
4.1,1939,100.0000000000
4.1,1973,100.0000000000
4.1,2007,100.0000000000
4.1,2041,100.0000000000
4.1,2075,100.0000000000
4.1,2109,100.0000000000
4.1,2143,100.0000000000
4.1,2177,100.0000000000
4.1,2211,100.0000000000
4.1,2245,100.0000000000
4.1,2279,100.0000000000
4.1,2313,100.0000000000
4.1,2347,100.0000000000
4.1,2381,100.0000000000
4.1,2415,100.0000000000
4.1,2449,100.0000000000
4.1,2483,100.0000000000
4.1,2517,100.0000000000
4.1,2551,100.0000000000
4.1,2585,100.0000000000
4.1,2619,100.0000000000
4.1,2653,100.0000000000
4.1,2687,100.0000000000
4.1,2721,100.0000000000
4.1,2755,100.0000000000
4.1,2789,100.0000000000
4.1,2823,100.0000000000
4.1,2857,100.0000000000
4.1,2891,100.0000000000
4.1,2925,100.0000000000
4.1,2959,100.0000000000
4.1,2993,100.0000000000
4.1,3027,100.0000000000
4.1,3061,100.0000000000
4.1,3095,100.0000000000
4.1,3129,100.0000000000
4.1,3163,100.0000000000
4.1,3197,100.0000000000
4.1,3231,100.0000000000
4.1,3265,100.0000000000
4.1,3299,100.0000000000
4.1,3333,100.0000000000
4.1,3367,100.0000000000
4.1,3401,100.0000000000
4.1,3432,100.0000000000
4.2,1,32.7720986715
4.2,35,99.9601319550
4.2,69,99.9932727967
4.2,103,99.9981816150
4.2,137,99.9993371289
4.2,171,99.9996887195
4.2,205,99.9998406538
4.2,239,99.9999187360
4.2,273,99.9999538295
4.2,307,99.9999726794
4.2,341,99.9999830739
4.2,375,99.9999893576
4.2,409,99.9999930335
4.2,443,99.9999954397
4.2,477,99.9999969126
4.2,511,99.9999978753
4.2,545,99.9999985090
4.2,579,99.9999989308
4.2,613,99.9999992129
4.2,647,99.9999994251
4.2,681,99.9999995819
4.2,715,99.9999996915
4.2,749,99.9999997703
4.2,783,99.9999998273
4.2,817,99.9999998699
4.2,851,99.9999999024
4.2,885,99.9999999262
4.2,919,99.9999999448
4.2,953,99.9999999585
4.2,987,99.9999999685
4.2,1021,99.9999999759
4.2,1055,99.9999999815
4.2,1089,99.9999999859
4.2,1123,99.9999999891
4.2,1157,99.9999999916
4.2,1191,99.9999999934
4.2,1225,99.9999999948
4.2,1259,99.9999999959
4.2,1293,99.9999999968
4.2,1327,99.9999999974
4.2,1361,99.9999999979
4.2,1395,99.9999999983
4.2,1429,99.9999999987
4.2,1463,99.9999999990
4.2,1497,99.9999999992
4.2,1531,99.9999999993
4.2,1565,99.9999999995
4.2,1599,99.9999999996
4.2,1633,99.9999999997
4.2,1667,99.9999999997
4.2,1701,99.9999999998
4.2,1735,99.9999999998
4.2,1769,99.9999999999
4.2,1803,99.9999999999
4.2,1837,99.9999999999
4.2,1871,99.9999999999
4.2,1905,99.9999999999
4.2,1939,100.0000000000
4.2,1973,100.0000000000
4.2,2007,100.0000000000
4.2,2041,100.0000000000
4.2,2075,100.0000000000
4.2,2109,100.0000000000
4.2,2143,100.0000000000
4.2,2177,100.0000000000
4.2,2211,100.0000000000
4.2,2245,100.0000000000
4.2,2279,100.0000000000
4.2,2313,100.0000000000
4.2,2347,100.0000000000
4.2,2381,100.0000000000
4.2,2415,100.0000000000
4.2,2449,100.0000000000
4.2,2483,100.0000000000
4.2,2517,100.0000000000
4.2,2551,100.0000000000
4.2,2585,100.0000000000
4.2,2619,100.0000000000
4.2,2653,100.0000000000
4.2,2687,100.0000000000
4.2,2721,100.0000000000
4.2,2755,100.0000000000
4.2,2789,100.0000000000
4.2,2823,100.0000000000
4.2,2857,100.0000000000
4.2,2891,100.0000000000
4.2,2925,100.0000000000
4.2,2959,100.0000000000
4.2,2993,100.0000000000
4.2,3027,100.0000000000
4.2,3061,100.0000000000
4.2,3095,100.0000000000
4.2,3129,100.0000000000
4.2,3163,100.0000000000
4.2,3197,100.0000000000
4.2,3231,100.0000000000
4.2,3265,100.0000000000
4.2,3299,100.0000000000
4.2,3333,100.0000000000
4.2,3367,100.0000000000
4.2,3401,100.0000000000
4.2,3432,100.0000000000
4.3,1,32.7663501549
4.3,35,99.9608579921
4.3,69,99.9930981480
4.3,103,99.9982679967
4.3,137,99.9993664877
4.3,171,99.9997140377
4.3,205,99.9998562220
4.3,239,99.9999275815
4.3,273,99.9999586565
4.3,307,99.9999753518
4.3,341,99.9999846311
4.3,375,99.9999902272
4.3,409,99.9999936250
4.3,443,99.9999957682
4.3,477,99.9999971664
4.3,511,99.9999980726
4.3,545,99.9999986550
4.3,579,99.9999990316
4.3,613,99.9999992798
4.3,647,99.9999994630
4.3,681,99.9999996065
4.3,715,99.9999997125
4.3,749,99.9999997877
4.3,783,99.9999998424
4.3,817,99.9999998812
4.3,851,99.9999999103
4.3,885,99.9999999317
4.3,919,99.9999999482
4.3,953,99.9999999610
4.3,987,99.9999999704
4.3,1021,99.9999999775
4.3,1055,99.9999999826
4.3,1089,99.9999999867
4.3,1123,99.9999999899
4.3,1157,99.9999999922
4.3,1191,99.9999999940
4.3,1225,99.9999999954
4.3,1259,99.9999999963
4.3,1293,99.9999999971
4.3,1327,99.9999999977
4.3,1361,99.9999999981
4.3,1395,99.9999999985
4.3,1429,99.9999999988
4.3,1463,99.9999999991
4.3,1497,99.9999999993
4.3,1531,99.9999999994
4.3,1565,99.9999999995
4.3,1599,99.9999999996
4.3,1633,99.9999999997
4.3,1667,99.9999999998
4.3,1701,99.9999999998
4.3,1735,99.9999999999
4.3,1769,99.9999999999
4.3,1803,99.9999999999
4.3,1837,99.9999999999
4.3,1871,99.9999999999
4.3,1905,100.0000000000
4.3,1939,100.0000000000
4.3,1973,100.0000000000
4.3,2007,100.0000000000
4.3,2041,100.0000000000
4.3,2075,100.0000000000
4.3,2109,100.0000000000
4.3,2143,100.0000000000
4.3,2177,100.0000000000
4.3,2211,100.0000000000
4.3,2245,100.0000000000
4.3,2279,100.0000000000
4.3,2313,100.0000000000
4.3,2347,100.0000000000
4.3,2381,100.0000000000
4.3,2415,100.0000000000
4.3,2449,100.0000000000
4.3,2483,100.0000000000
4.3,2517,100.0000000000
4.3,2551,100.0000000000
4.3,2585,100.0000000000
4.3,2619,100.0000000000
4.3,2653,100.0000000000
4.3,2687,100.0000000000
4.3,2721,100.0000000000
4.3,2755,100.0000000000
4.3,2789,100.0000000000
4.3,2823,100.0000000000
4.3,2857,100.0000000000
4.3,2891,100.0000000000
4.3,2925,100.0000000000
4.3,2959,100.0000000000
4.3,2993,100.0000000000
4.3,3027,100.0000000000
4.3,3061,100.0000000000
4.3,3095,100.0000000000
4.3,3129,100.0000000000
4.3,3163,100.0000000000
4.3,3197,100.0000000000
4.3,3231,100.0000000000
4.3,3265,100.0000000000
4.3,3299,100.0000000000
4.3,3333,100.0000000000
4.3,3367,100.0000000000
4.3,3401,100.0000000000
4.3,3432,100.0000000000
4.4,1,32.7556020287
4.4,35,99.9638280835
4.4,69,99.9933864021
4.4,103,99.9983332972
4.4,137,99.9994130513
4.4,171,99.9997359472
4.4,205,99.9998681844
4.4,239,99.9999345260
4.4,273,99.9999613767
4.4,307,99.9999767203
4.4,341,99.9999855872
4.4,375,99.9999910476
4.4,409,99.9999942450
4.4,443,99.9999961737
4.4,477,99.9999974529
4.4,511,99.9999982671
4.4,545,99.9999987867
4.4,579,99.9999991184
4.4,613,99.9999993414
4.4,647,99.9999995063
4.4,681,99.9999996369
4.4,715,99.9999997374
4.4,749,99.9999998102
4.4,783,99.9999998590
4.4,817,99.9999998948
4.4,851,99.9999999207
4.4,885,99.9999999396
4.4,919,99.9999999543
4.4,953,99.9999999654
4.4,987,99.9999999736
4.4,1021,99.9999999799
4.4,1055,99.9999999848
4.4,1089,99.9999999884
4.4,1123,99.9999999911
4.4,1157,99.9999999932
4.4,1191,99.9999999947
4.4,1225,99.9999999959
4.4,1259,99.9999999968
4.4,1293,99.9999999975
4.4,1327,99.9999999980
4.4,1361,99.9999999984
4.4,1395,99.9999999987
4.4,1429,99.9999999990
4.4,1463,99.9999999992
4.4,1497,99.9999999994
4.4,1531,99.9999999995
4.4,1565,99.9999999996
4.4,1599,99.9999999997
4.4,1633,99.9999999998
4.4,1667,99.9999999998
4.4,1701,99.9999999998
4.4,1735,99.9999999999
4.4,1769,99.9999999999
4.4,1803,99.9999999999
4.4,1837,99.9999999999
4.4,1871,100.0000000000
4.4,1905,100.0000000000
4.4,1939,100.0000000000
4.4,1973,100.0000000000
4.4,2007,100.0000000000
4.4,2041,100.0000000000
4.4,2075,100.0000000000
4.4,2109,100.0000000000
4.4,2143,100.0000000000
4.4,2177,100.0000000000
4.4,2211,100.0000000000
4.4,2245,100.0000000000
4.4,2279,100.0000000000
4.4,2313,100.0000000000
4.4,2347,100.0000000000
4.4,2381,100.0000000000
4.4,2415,100.0000000000
4.4,2449,100.0000000000
4.4,2483,100.0000000000
4.4,2517,100.0000000000
4.4,2551,100.0000000000
4.4,2585,100.0000000000
4.4,2619,100.0000000000
4.4,2653,100.0000000000
4.4,2687,100.0000000000
4.4,2721,100.0000000000
4.4,2755,100.0000000000
4.4,2789,100.0000000000
4.4,2823,100.0000000000
4.4,2857,100.0000000000
4.4,2891,100.0000000000
4.4,2925,100.0000000000
4.4,2959,100.0000000000
4.4,2993,100.0000000000
4.4,3027,100.0000000000
4.4,3061,100.0000000000
4.4,3095,100.0000000000
4.4,3129,100.0000000000
4.4,3163,100.0000000000
4.4,3197,100.0000000000
4.4,3231,100.0000000000
4.4,3265,100.0000000000
4.4,3299,100.0000000000
4.4,3333,100.0000000000
4.4,3367,100.0000000000
4.4,3401,100.0000000000
4.4,3432,100.0000000000
4.5,1,32.7396819960
4.5,35,99.9668581254
4.5,69,99.9941478940
4.5,103,99.9984482754
4.5,137,99.9994552609
4.5,171,99.9997575576
4.5,205,99.9998787788
4.5,239,99.9999401944
4.5,273,99.9999648970
4.5,307,99.9999786661
4.5,341,99.9999869412
4.5,375,99.9999918863
4.5,409,99.9999948264
4.5,443,99.9999966227
4.5,477,99.9999977452
4.5,511,99.9999984507
4.5,545,99.9999989123
4.5,579,99.9999992065
4.5,613,99.9999994152
4.5,647,99.9999995720
4.5,681,99.9999996851
4.5,715,99.9999997708
4.5,749,99.9999998331
4.5,783,99.9999998768
4.5,817,99.9999999087
4.5,851,99.9999999316
4.5,885,99.9999999479
4.5,919,99.9999999603
4.5,953,99.9999999698
4.5,987,99.9999999769
4.5,1021,99.9999999826
4.5,1055,99.9999999869
4.5,1089,99.9999999901
4.5,1123,99.9999999923
4.5,1157,99.9999999941
4.5,1191,99.9999999955
4.5,1225,99.9999999965
4.5,1259,99.9999999973
4.5,1293,99.9999999979
4.5,1327,99.9999999983
4.5,1361,99.9999999987
4.5,1395,99.9999999989
4.5,1429,99.9999999992
4.5,1463,99.9999999993
4.5,1497,99.9999999995
4.5,1531,99.9999999996
4.5,1565,99.9999999997
4.5,1599,99.9999999997
4.5,1633,99.9999999998
4.5,1667,99.9999999998
4.5,1701,99.9999999999
4.5,1735,99.9999999999
4.5,1769,99.9999999999
4.5,1803,99.9999999999
4.5,1837,100.0000000000
4.5,1871,100.0000000000
4.5,1905,100.0000000000
4.5,1939,100.0000000000
4.5,1973,100.0000000000
4.5,2007,100.0000000000
4.5,2041,100.0000000000
4.5,2075,100.0000000000
4.5,2109,100.0000000000
4.5,2143,100.0000000000
4.5,2177,100.0000000000
4.5,2211,100.0000000000
4.5,2245,100.0000000000
4.5,2279,100.0000000000
4.5,2313,100.0000000000
4.5,2347,100.0000000000
4.5,2381,100.0000000000
4.5,2415,100.0000000000
4.5,2449,100.0000000000
4.5,2483,100.0000000000
4.5,2517,100.0000000000
4.5,2551,100.0000000000
4.5,2585,100.0000000000
4.5,2619,100.0000000000
4.5,2653,100.0000000000
4.5,2687,100.0000000000
4.5,2721,100.0000000000
4.5,2755,100.0000000000
4.5,2789,100.0000000000
4.5,2823,100.0000000000
4.5,2857,100.0000000000
4.5,2891,100.0000000000
4.5,2925,100.0000000000
4.5,2959,100.0000000000
4.5,2993,100.0000000000
4.5,3027,100.0000000000
4.5,3061,100.0000000000
4.5,3095,100.0000000000
4.5,3129,100.0000000000
4.5,3163,100.0000000000
4.5,3197,100.0000000000
4.5,3231,100.0000000000
4.5,3265,100.0000000000
4.5,3299,100.0000000000
4.5,3333,100.0000000000
4.5,3367,100.0000000000
4.5,3401,100.0000000000
4.5,3432,100.0000000000
4.6,1,32.7185356972
4.6,35,99.9707122293
4.6,69,99.9948462944
4.6,103,99.9985860127
4.6,137,99.9994908003
4.6,171,99.9997790876
4.6,205,99.9998912444
4.6,239,99.9999469378
4.6,273,99.9999691586
4.6,307,99.9999812581
4.6,341,99.9999883807
4.6,375,99.9999927996
4.6,409,99.9999954927
4.6,443,99.9999970732
4.6,477,99.9999980135
4.6,511,99.9999986087
4.6,545,99.9999990290
4.6,579,99.9999993015
4.6,613,99.9999994942
4.6,647,99.9999996324
4.6,681,99.9999997278
4.6,715,99.9999998007
4.6,749,99.9999998528
4.6,783,99.9999998914
4.6,817,99.9999999204
4.6,851,99.9999999401
4.6,885,99.9999999544
4.6,919,99.9999999652
4.6,953,99.9999999734
4.6,987,99.9999999798
4.6,1021,99.9999999849
4.6,1055,99.9999999887
4.6,1089,99.9999999916
4.6,1123,99.9999999935
4.6,1157,99.9999999950
4.6,1191,99.9999999961
4.6,1225,99.9999999970
4.6,1259,99.9999999977
4.6,1293,99.9999999982
4.6,1327,99.9999999986
4.6,1361,99.9999999989
4.6,1395,99.9999999991
4.6,1429,99.9999999993
4.6,1463,99.9999999994
4.6,1497,99.9999999996
4.6,1531,99.9999999997
4.6,1565,99.9999999997
4.6,1599,99.9999999998
4.6,1633,99.9999999998
4.6,1667,99.9999999999
4.6,1701,99.9999999999
4.6,1735,99.9999999999
4.6,1769,99.9999999999
4.6,1803,99.9999999999
4.6,1837,100.0000000000
4.6,1871,100.0000000000
4.6,1905,100.0000000000
4.6,1939,100.0000000000
4.6,1973,100.0000000000
4.6,2007,100.0000000000
4.6,2041,100.0000000000
4.6,2075,100.0000000000
4.6,2109,100.0000000000
4.6,2143,100.0000000000
4.6,2177,100.0000000000
4.6,2211,100.0000000000
4.6,2245,100.0000000000
4.6,2279,100.0000000000
4.6,2313,100.0000000000
4.6,2347,100.0000000000
4.6,2381,100.0000000000
4.6,2415,100.0000000000
4.6,2449,100.0000000000
4.6,2483,100.0000000000
4.6,2517,100.0000000000
4.6,2551,100.0000000000
4.6,2585,100.0000000000
4.6,2619,100.0000000000
4.6,2653,100.0000000000
4.6,2687,100.0000000000
4.6,2721,100.0000000000
4.6,2755,100.0000000000
4.6,2789,100.0000000000
4.6,2823,100.0000000000
4.6,2857,100.0000000000
4.6,2891,100.0000000000
4.6,2925,100.0000000000
4.6,2959,100.0000000000
4.6,2993,100.0000000000
4.6,3027,100.0000000000
4.6,3061,100.0000000000
4.6,3095,100.0000000000
4.6,3129,100.0000000000
4.6,3163,100.0000000000
4.6,3197,100.0000000000
4.6,3231,100.0000000000
4.6,3265,100.0000000000
4.6,3299,100.0000000000
4.6,3333,100.0000000000
4.6,3367,100.0000000000
4.6,3401,100.0000000000
4.6,3432,100.0000000000
4.7,1,32.6922039524
4.7,35,99.9741898757
4.7,69,99.9954189231
4.7,103,99.9987048580
4.7,137,99.9995382592
4.7,171,99.9998030343
4.7,205,99.9999044927
4.7,239,99.9999536848
4.7,273,99.9999734448
4.7,307,99.9999838182
4.7,341,99.9999899520
4.7,375,99.9999937840
4.7,409,99.9999961488
4.7,443,99.9999974517
4.7,477,99.9999982529
4.7,511,99.9999987901
4.7,545,99.9999991572
4.7,579,99.9999994013
4.7,613,99.9999995734
4.7,647,99.9999996894
4.7,681,99.9999997686
4.7,715,99.9999998292
4.7,749,99.9999998728
4.7,783,99.9999999054
4.7,817,99.9999999308
4.7,851,99.9999999490
4.7,885,99.9999999615
4.7,919,99.9999999706
4.7,953,99.9999999777
4.7,987,99.9999999832
4.7,1021,99.9999999874
4.7,1055,99.9999999906
4.7,1089,99.9999999928
4.7,1123,99.9999999945
4.7,1157,99.9999999957
4.7,1191,99.9999999967
4.7,1225,99.9999999974
4.7,1259,99.9999999980
4.7,1293,99.9999999985
4.7,1327,99.9999999988
4.7,1361,99.9999999991
4.7,1395,99.9999999993
4.7,1429,99.9999999994
4.7,1463,99.9999999996
4.7,1497,99.9999999996
4.7,1531,99.9999999997
4.7,1565,99.9999999998
4.7,1599,99.9999999998
4.7,1633,99.9999999999
4.7,1667,99.9999999999
4.7,1701,99.9999999999
4.7,1735,99.9999999999
4.7,1769,99.9999999999
4.7,1803,100.0000000000
4.7,1837,100.0000000000
4.7,1871,100.0000000000
4.7,1905,100.0000000000
4.7,1939,100.0000000000
4.7,1973,100.0000000000
4.7,2007,100.0000000000
4.7,2041,100.0000000000
4.7,2075,100.0000000000
4.7,2109,100.0000000000
4.7,2143,100.0000000000
4.7,2177,100.0000000000
4.7,2211,100.0000000000
4.7,2245,100.0000000000
4.7,2279,100.0000000000
4.7,2313,100.0000000000
4.7,2347,100.0000000000
4.7,2381,100.0000000000
4.7,2415,100.0000000000
4.7,2449,100.0000000000
4.7,2483,100.0000000000
4.7,2517,100.0000000000
4.7,2551,100.0000000000
4.7,2585,100.0000000000
4.7,2619,100.0000000000
4.7,2653,100.0000000000
4.7,2687,100.0000000000
4.7,2721,100.0000000000
4.7,2755,100.0000000000
4.7,2789,100.0000000000
4.7,2823,100.0000000000
4.7,2857,100.0000000000
4.7,2891,100.0000000000
4.7,2925,100.0000000000
4.7,2959,100.0000000000
4.7,2993,100.0000000000
4.7,3027,100.0000000000
4.7,3061,100.0000000000
4.7,3095,100.0000000000
4.7,3129,100.0000000000
4.7,3163,100.0000000000
4.7,3197,100.0000000000
4.7,3231,100.0000000000
4.7,3265,100.0000000000
4.7,3299,100.0000000000
4.7,3333,100.0000000000
4.7,3367,100.0000000000
4.7,3401,100.0000000000
4.7,3432,100.0000000000
4.8,1,32.6607838562
4.8,35,99.9769725573
4.8,69,99.9958943640
4.8,103,99.9988282812
4.8,137,99.9995841385
4.8,171,99.9998263326
4.8,205,99.9999156738
4.8,239,99.9999607785
4.8,273,99.9999774183
4.8,307,99.9999861879
4.8,341,99.9999915424
4.8,375,99.9999947901
4.8,409,99.9999967348
4.8,443,99.9999977982
4.8,477,99.9999985072
4.8,511,99.9999989779
4.8,545,99.9999992861
4.8,579,99.9999994987
4.8,613,99.9999996418
4.8,647,99.9999997388
4.8,681,99.9999998041
4.8,715,99.9999998542
4.8,749,99.9999998922
4.8,783,99.9999999203
4.8,817,99.9999999409
4.8,851,99.9999999567
4.8,885,99.9999999675
4.8,919,99.9999999754
4.8,953,99.9999999816
4.8,987,99.9999999862
4.8,1021,99.9999999898
4.8,1055,99.9999999923
4.8,1089,99.9999999941
4.8,1123,99.9999999954
4.8,1157,99.9999999964
4.8,1191,99.9999999972
4.8,1225,99.9999999979
4.8,1259,99.9999999984
4.8,1293,99.9999999988
4.8,1327,99.9999999990
4.8,1361,99.9999999993
4.8,1395,99.9999999994
4.8,1429,99.9999999995
4.8,1463,99.9999999996
4.8,1497,99.9999999997
4.8,1531,99.9999999998
4.8,1565,99.9999999998
4.8,1599,99.9999999999
4.8,1633,99.9999999999
4.8,1667,99.9999999999
4.8,1701,99.9999999999
4.8,1735,99.9999999999
4.8,1769,100.0000000000
4.8,1803,100.0000000000
4.8,1837,100.0000000000
4.8,1871,100.0000000000
4.8,1905,100.0000000000
4.8,1939,100.0000000000
4.8,1973,100.0000000000
4.8,2007,100.0000000000
4.8,2041,100.0000000000
4.8,2075,100.0000000000
4.8,2109,100.0000000000
4.8,2143,100.0000000000
4.8,2177,100.0000000000
4.8,2211,100.0000000000
4.8,2245,100.0000000000
4.8,2279,100.0000000000
4.8,2313,100.0000000000
4.8,2347,100.0000000000
4.8,2381,100.0000000000
4.8,2415,100.0000000000
4.8,2449,100.0000000000
4.8,2483,100.0000000000
4.8,2517,100.0000000000
4.8,2551,100.0000000000
4.8,2585,100.0000000000
4.8,2619,100.0000000000
4.8,2653,100.0000000000
4.8,2687,100.0000000000
4.8,2721,100.0000000000
4.8,2755,100.0000000000
4.8,2789,100.0000000000
4.8,2823,100.0000000000
4.8,2857,100.0000000000
4.8,2891,100.0000000000
4.8,2925,100.0000000000
4.8,2959,100.0000000000
4.8,2993,100.0000000000
4.8,3027,100.0000000000
4.8,3061,100.0000000000
4.8,3095,100.0000000000
4.8,3129,100.0000000000
4.8,3163,100.0000000000
4.8,3197,100.0000000000
4.8,3231,100.0000000000
4.8,3265,100.0000000000
4.8,3299,100.0000000000
4.8,3333,100.0000000000
4.8,3367,100.0000000000
4.8,3401,100.0000000000
4.8,3432,100.0000000000
4.9,1,32.6243906890
4.9,35,99.9791657808
4.9,69,99.9964664634
4.9,103,99.9989690693
4.9,137,99.9996341289
4.9,171,99.9998499607
4.9,205,99.9999257581
4.9,239,99.9999665524
4.9,273,99.9999808766
4.9,307,99.9999884771
4.9,341,99.9999929040
4.9,375,99.9999956972
4.9,409,99.9999973030
4.9,443,99.9999981492
4.9,477,99.9999987507
4.9,511,99.9999991440
4.9,545,99.9999994077
4.9,579,99.9999995870
4.9,613,99.9999997063
4.9,647,99.9999997813
4.9,681,99.9999998375
4.9,715,99.9999998793
4.9,749,99.9999999103
4.9,783,99.9999999337
4.9,817,99.9999999510
4.9,851,99.9999999636
4.9,885,99.9999999730
4.9,919,99.9999999800
4.9,953,99.9999999853
4.9,987,99.9999999891
4.9,1021,99.9999999918
4.9,1055,99.9999999938
4.9,1089,99.9999999952
4.9,1123,99.9999999963
4.9,1157,99.9999999971
4.9,1191,99.9999999977
4.9,1225,99.9999999983
4.9,1259,99.9999999987
4.9,1293,99.9999999990
4.9,1327,99.9999999992
4.9,1361,99.9999999994
4.9,1395,99.9999999995
4.9,1429,99.9999999996
4.9,1463,99.9999999997
4.9,1497,99.9999999998
4.9,1531,99.9999999998
4.9,1565,99.9999999999
4.9,1599,99.9999999999
4.9,1633,99.9999999999
4.9,1667,99.9999999999
4.9,1701,99.9999999999
4.9,1735,100.0000000000
4.9,1769,100.0000000000
4.9,1803,100.0000000000
4.9,1837,100.0000000000
4.9,1871,100.0000000000
4.9,1905,100.0000000000
4.9,1939,100.0000000000
4.9,1973,100.0000000000
4.9,2007,100.0000000000
4.9,2041,100.0000000000
4.9,2075,100.0000000000
4.9,2109,100.0000000000
4.9,2143,100.0000000000
4.9,2177,100.0000000000
4.9,2211,100.0000000000
4.9,2245,100.0000000000
4.9,2279,100.0000000000
4.9,2313,100.0000000000
4.9,2347,100.0000000000
4.9,2381,100.0000000000
4.9,2415,100.0000000000
4.9,2449,100.0000000000
4.9,2483,100.0000000000
4.9,2517,100.0000000000
4.9,2551,100.0000000000
4.9,2585,100.0000000000
4.9,2619,100.0000000000
4.9,2653,100.0000000000
4.9,2687,100.0000000000
4.9,2721,100.0000000000
4.9,2755,100.0000000000
4.9,2789,100.0000000000
4.9,2823,100.0000000000
4.9,2857,100.0000000000
4.9,2891,100.0000000000
4.9,2925,100.0000000000
4.9,2959,100.0000000000
4.9,2993,100.0000000000
4.9,3027,100.0000000000
4.9,3061,100.0000000000
4.9,3095,100.0000000000
4.9,3129,100.0000000000
4.9,3163,100.0000000000
4.9,3197,100.0000000000
4.9,3231,100.0000000000
4.9,3265,100.0000000000
4.9,3299,100.0000000000
4.9,3333,100.0000000000
4.9,3367,100.0000000000
4.9,3401,100.0000000000
4.9,3432,100.0000000000
5.0,1,33.3561636502
5.0,35,99.9813002014
5.0,69,99.9969134582
5.0,103,99.9991050092
5.0,137,99.9996804041
5.0,171,99.9998650589
5.0,205,99.9999329575
5.0,239,99.9999681897
5.0,273,99.9999825270
5.0,307,99.9999895628
5.0,341,99.9999935593
5.0,375,99.9999959706
5.0,409,99.9999975298
5.0,443,99.9999983249
5.0,477,99.9999988560
5.0,511,99.9999991943
5.0,545,99.9999994311
5.0,579,99.9999995991
5.0,613,99.9999997104
5.0,647,99.9999997836
5.0,681,99.9999998396
5.0,715,99.9999998805
5.0,749,99.9999999106
5.0,783,99.9999999322
5.0,817,99.9999999487
5.0,851,99.9999999615
5.0,885,99.9999999712
5.0,919,99.9999999786
5.0,953,99.9999999840
5.0,987,99.9999999880
5.0,1021,99.9999999909
5.0,1055,99.9999999931
5.0,1089,99.9999999947
5.0,1123,99.9999999959
5.0,1157,99.9999999968
5.0,1191,99.9999999975
5.0,1225,99.9999999980
5.0,1259,99.9999999985
5.0,1293,99.9999999988
5.0,1327,99.9999999991
5.0,1361,99.9999999993
5.0,1395,99.9999999995
5.0,1429,99.9999999996
5.0,1463,99.9999999997
5.0,1497,99.9999999997
5.0,1531,99.9999999998
5.0,1565,99.9999999998
5.0,1599,99.9999999999
5.0,1633,99.9999999999
5.0,1667,99.9999999999
5.0,1701,99.9999999999
5.0,1735,99.9999999999
5.0,1769,100.0000000000
5.0,1803,100.0000000000
5.0,1837,100.0000000000
5.0,1871,100.0000000000
5.0,1905,100.0000000000
5.0,1939,100.0000000000
5.0,1973,100.0000000000
5.0,2007,100.0000000000
5.0,2041,100.0000000000
5.0,2075,100.0000000000
5.0,2109,100.0000000000
5.0,2143,100.0000000000
5.0,2177,100.0000000000
5.0,2211,100.0000000000
5.0,2245,100.0000000000
5.0,2279,100.0000000000
5.0,2313,100.0000000000
5.0,2347,100.0000000000
5.0,2381,100.0000000000
5.0,2415,100.0000000000
5.0,2449,100.0000000000
5.0,2483,100.0000000000
5.0,2517,100.0000000000
5.0,2551,100.0000000000
5.0,2585,100.0000000000
5.0,2619,100.0000000000
5.0,2653,100.0000000000
5.0,2687,100.0000000000
5.0,2721,100.0000000000
5.0,2755,100.0000000000
5.0,2789,100.0000000000
5.0,2823,100.0000000000
5.0,2857,100.0000000000
5.0,2891,100.0000000000
5.0,2925,100.0000000000
5.0,2959,100.0000000000
5.0,2993,100.0000000000
5.0,3027,100.0000000000
5.0,3061,100.0000000000
5.0,3095,100.0000000000
5.0,3129,100.0000000000
5.0,3163,100.0000000000
5.0,3197,100.0000000000
5.0,3231,100.0000000000
5.0,3265,100.0000000000
5.0,3299,100.0000000000
5.0,3333,100.0000000000
5.0,3367,100.0000000000
5.0,3401,100.0000000000
5.0,3432,100.0000000000
